"id","salesID","salesNo","dimDateID","dimShopID","goodsID","QTY","AMT","pAMT","mpAMT","updateTime"
"1","1","34131002542176","20170602","33","5130942","1","7.99","0","0.21","9/9/2017 02:24:25"
"2","2","34131002542177","20170602","34","7116060","1","227","0","12","9/9/2017 02:24:25"
"3","3","34131002542178","20170602","33","5621350","4","38","0","1.96","9/9/2017 02:24:25"
"4","3","34131002542178","20170602","33","5613232","1.046","37.64","0","1.062","9/9/2017 02:24:25"
"5","4","34131002542179","20170602","34","1170812","1","19.8","0","1.1","9/9/2017 02:24:25"
"6","4","34131002542179","20170602","34","5660081","0.422","21.02","0","1.5992","9/9/2017 02:24:25"
"7","5","34131002542180","20170602","34","6610605","4","39.96","0","3.64","9/9/2017 02:24:25"
"8","5","34131002542180","20170602","34","6220304","3","29.97","0","1.83","9/9/2017 02:24:25"
"9","5","34131002542180","20170602","34","6210819","1","11.5","0","0.4","9/9/2017 02:24:25"
"10","5","34131002542180","20170602","34","6210717","1","36.8","0","0.9","9/9/2017 02:24:25"
"11","5","34131002542180","20170602","34","6111321","1","39.9","0","0","9/9/2017 02:24:25"
"12","5","34131002542180","20170602","34","6120627","1","26.21","0","1.38","9/9/2017 02:24:25"
"13","5","34131002542180","20170602","34","6111014","4","15.96","0","0.8","9/9/2017 02:24:25"
"14","5","34131002542180","20170602","34","6110985","2","8.3","0","0.26","9/9/2017 02:24:25"
"15","6","34131002542181","20170602","34","6630492","2","7.98","0","0.4","9/9/2017 02:24:25"
"16","6","34131002542181","20170602","34","6620089","1","2.62","0","0.14","9/9/2017 02:24:25"
"17","6","34131002542181","20170602","34","6110917","3","7.8","0","0.3","9/9/2017 02:24:25"
"18","6","34131002542181","20170602","34","6790295","1","0.2","0","0","9/9/2017 02:24:25"
"19","6","34131002542181","20170602","34","5613232","0.49","17.63","0","0.5","9/9/2017 02:24:25"
"20","7","34131002542182","20170602","34","1520204","5","6.25","0","0.35","9/9/2017 02:24:25"
"21","7","34131002542182","20170602","34","6790295","1","0.2","0","0","9/9/2017 02:24:25"
"22","7","34131002542182","20170602","34","5410479","2.316","11.07","0","0.9269","9/9/2017 02:24:25"
"23","7","34131002542182","20170602","34","4240085","1","3.98","0","0.21","9/9/2017 02:24:25"
"24","7","34131002542182","20170602","34","4310614","2","4.9","0","0.2","9/9/2017 02:24:25"
"25","7","34131002542182","20170602","34","4230295","1","6.59","0","0.4","9/9/2017 02:24:25"
"26","7","34131002542182","20170602","34","1740121","1","4.69","0","0.18","9/9/2017 02:24:25"
"27","7","34131002542182","20170602","34","4230301","2","3","0","0","9/9/2017 02:24:25"
"28","8","34131002542183","20170602","34","6281829","1","9.97","0","0.53","9/9/2017 02:24:25"
"29","8","34131002542183","20170602","34","6750762","1","14.8","0","0.7","9/9/2017 02:24:25"
"30","8","34131002542183","20170602","34","6790295","1","0.2","0","0","9/9/2017 02:24:25"
"31","8","34131002542183","20170602","34","6630971","1","5.89","0","0.1","9/9/2017 02:24:25"
"32","8","34131002542183","20170602","34","6160398","1","9.89","0","0.51","9/9/2017 02:24:25"
"33","8","34131002542183","20170602","34","6120650","1","10.68","0","0.57","9/9/2017 02:24:25"
"34","8","34131002542183","20170602","34","6272384","1","28.4","0","1.5","9/9/2017 02:24:25"
"35","8","34131002542183","20170602","34","3310446","1","13.2","0","0.7","9/9/2017 02:24:25"
"36","8","34131002542183","20170602","34","6272616","1","31","0","1","9/9/2017 02:24:25"
"37","8","34131002542183","20170602","34","6330579","1","1.13","0","0.06","9/9/2017 02:24:25"
"38","8","34131002542183","20170602","34","6160548","1","3.82","0","0.17","9/9/2017 02:24:25"
"39","8","34131002542183","20170602","34","3311485","1","15.9","0","0.8","9/9/2017 02:24:25"
"40","9","34131002542184","20170602","33","5630060","0.546","19.66","0","2.0708","9/9/2017 02:24:25"
"41","10","34131002542185","20170602","33","4110183","2.954","16.84","0","0","9/9/2017 02:24:25"
"42","10","34131002542185","20170602","33","6790295","1","0.2","0","0","9/9/2017 02:24:25"
"43","11","34131002542186","20170602","34","3340705","1","3.18","0","0","9/9/2017 02:24:25"
"44","11","34131002542186","20170602","34","3340707","1","3.09","0","0","9/9/2017 02:24:25"
"45","12","34131002542187","20170602","34","4210582","1","29.9","0","1.6","9/9/2017 02:24:25"
"46","12","34131002542187","20170602","34","5660081","1.318","65.64","0","5.0048","9/9/2017 02:24:25"
"47","12","34131002542187","20170602","34","6790295","1","0.2","0","0","9/9/2017 02:24:25"
"48","12","34131002542187","20170602","34","4210582","1","0","29.9","1.6","9/9/2017 02:24:25"
"49","13","34131002542188","20170602","34","4520097","1","8.69","0","0","9/9/2017 02:24:25"
"50","13","34131002542188","20170602","34","4130085","1","5.25","0","0","9/9/2017 02:24:25"
"51","13","34131002542188","20170602","34","4520081","2","23","0","0","9/9/2017 02:24:25"
"52","14","34131002542189","20170602","33","6610424","1","2.69","0","0","9/9/2017 02:24:25"
"53","14","34131002542189","20170602","33","1260031","2","7.78","0","0","9/9/2017 02:24:25"
"54","15","34131002542190","20170602","34","8543844","1","139","0","10","9/9/2017 02:24:25"
"55","16","34131002542191","20170602","34","5450052","1.586","6","0","0.3123","9/9/2017 02:24:25"
"56","16","34131002542191","20170602","34","6790295","1","0.2","0","0","9/9/2017 02:24:25"
"57","16","34131002542191","20170602","34","5411332","0.32","2.88","0","0.192","9/9/2017 02:24:25"
"58","16","34131002542191","20170602","34","5531552","0.7","14.69","0","0","9/9/2017 02:24:25"
"59","16","34131002542191","20170602","34","5531538","0.476","18.94","0","0.1952","9/9/2017 02:24:25"
"60","16","34131002542191","20170602","34","5420415","0.374","2.47","0","0.148","9/9/2017 02:24:25"
"61","17","34131002542192","20170602","34","5930383","0.126","4.23","0","0.2556","9/9/2017 02:24:25"
"62","17","34131002542192","20170602","34","5320787","1.088","10.86","0","0.4552","9/9/2017 02:24:25"
"63","17","34131002542192","20170602","34","5411334","1.778","5.33","0","0.3596","9/9/2017 02:24:25"
"64","17","34131002542192","20170602","34","5650079","0.96","8.6","0","0.616","9/9/2017 02:24:25"
"65","17","34131002542192","20170602","34","5531575","0.832","12.63","0","0.6654","9/9/2017 02:24:25"
"66","18","34131002542193","20170602","34","5430319","0.316","9.04","0","0.3136","9/9/2017 02:24:25"
"67","19","34131002542194","20170602","34","6790295","1","0.2","0","0","9/9/2017 02:24:25"
"68","19","34131002542194","20170602","34","5110421","2","23.8","0","0","9/9/2017 02:24:25"
"69","19","34131002542194","20170602","34","5930334","1","69.8","0","0","9/9/2017 02:24:25"
"70","19","34131002542194","20170602","34","2250150","2","49.6","0","0","9/9/2017 02:24:25"
"71","20","34131002542195","20170602","33","5440051","0.794","9.51","0","0.4785","9/9/2017 02:24:25"
"72","20","34131002542195","20170602","33","5430078","0.444","2.49","0","0.1651","9/9/2017 02:24:25"
"73","21","34131002542196","20170602","33","5531576","0.806","9.66","0","0.8019","9/9/2017 02:24:25"
"74","21","34131002542196","20170602","33","5611805","0.496","6.98","0","0.3707","9/9/2017 02:24:25"
"75","21","34131002542196","20170602","33","5131006","1","14.6","0","0.3","9/9/2017 02:24:25"
"76","22","34131002542197","20170602","33","4230262","1","9.99","0","0.51","9/9/2017 02:24:25"
"77","22","34131002542197","20170602","33","5420425","0.498","2.98","0","0.2072","9/9/2017 02:24:25"
"78","22","34131002542197","20170602","33","5410400","2.236","8","0","0.8993","9/9/2017 02:24:25"
"79","23","34131002542198","20170602","33","4210024","1","1.32","0","0.07","9/9/2017 02:24:25"
"80","23","34131002542198","20170602","33","4210025","1","2.65","0","0.14","9/9/2017 02:24:25"
"81","24","34131002542199","20170602","34","5531578","0.48","12.58","0","0.6584","9/9/2017 02:24:25"
"82","24","34131002542199","20170602","34","5531573","0.916","10.08","0","0.5456","9/9/2017 02:24:25"
"83","24","34131002542199","20170602","34","4220243","1","12.11","0","0.64","9/9/2017 02:24:25"
"84","25","34131002542200","20170602","34","5411334","1.286","3.86","0","0.2552","9/9/2017 02:24:25"
"85","25","34131002542200","20170602","34","5550172","1","4.99","0","0.29","9/9/2017 02:24:25"
"86","25","34131002542200","20170602","34","5760232","4.182","17.48","0","0.5026","9/9/2017 02:24:25"
"87","26","34131002542201","20170602","33","9141481","1","7.49","0","0","9/9/2017 02:24:25"
"88","26","34131002542201","20170602","33","4120066","2","12.98","0","0","9/9/2017 02:24:25"
"89","26","34131002542201","20170602","33","6790295","1","0.2","0","0","9/9/2017 02:24:25"
"90","27","34131002542202","20170602","34","5131006","2","29.2","0","0.6","9/9/2017 02:24:25"
"91","27","34131002542202","20170602","34","2160792","1","83.8","0","1.3","9/9/2017 02:24:25"
"92","28","34131002542203","20170602","34","5420617","1.076","3.21","0","0.4269","9/9/2017 02:24:25"
"93","28","34131002542203","20170602","34","5531646","0.994","20.87","0","0.6004","9/9/2017 02:24:25"
"94","28","34131002542203","20170602","34","5430067","1.322","2.62","0","0.2355","9/9/2017 02:24:25"
"95","28","34131002542203","20170602","34","5430068","0.468","1.68","0","0.1826","9/9/2017 02:24:25"
"96","29","34131002542204","20170602","34","4210168","1","7.99","0","0.4","9/9/2017 02:24:25"
"97","29","34131002542204","20170602","34","6210247","1","6.39","0","0.3","9/9/2017 02:24:25"
"98","29","34131002542204","20170602","34","6210950","1","18.8","0","1","9/9/2017 02:24:25"
"99","29","34131002542204","20170602","34","4210259","3","3.66","0","0.21","9/9/2017 02:24:25"
"100","29","34131002542204","20170602","34","6790295","1","0.2","0","0","9/9/2017 02:24:25"
"101","30","34131002542205","20170602","33","5560371","1.492","40.28","0","4.1816","9/9/2017 02:24:25"
"102","30","34131002542205","20170602","33","5550172","2","9.98","0","0.58","9/9/2017 02:24:25"
"103","30","34131002542205","20170602","33","6790295","1","0.2","0","0","9/9/2017 02:24:25"
"104","30","34131002542205","20170602","33","5440181","0.678","2.7","0","0.1476","9/9/2017 02:24:25"
"105","30","34131002542205","20170602","33","5550041","1.178","11.21","0","0.4758","9/9/2017 02:24:25"
"106","30","34131002542205","20170602","33","5930262","0.14","13.66","0","0.284","9/9/2017 02:24:25"
"107","30","34131002542205","20170602","33","4120066","2","12.38","0","0.6","9/9/2017 02:24:25"
"108","30","34131002542205","20170602","33","4350293","1","11.6","0","0.2","9/9/2017 02:24:25"
"109","30","34131002542205","20170602","33","6210245","1","3.76","0","0.19","9/9/2017 02:24:25"
"110","30","34131002542205","20170602","33","6210044","1","3.09","0","0.1","9/9/2017 02:24:25"
"111","31","34131002542206","20170602","34","5920222","0.14","2.12","0","0","9/9/2017 02:24:25"
"112","31","34131002542206","20170602","34","5430062","0.406","4.71","0","0","9/9/2017 02:24:25"
"113","32","34131002542207","20170602","33","5150411","1","22.9","0","0","9/9/2017 02:24:25"
"114","32","34131002542207","20170602","33","5820158","0.29","5.68","0","0","9/9/2017 02:24:25"
"115","32","34131002542207","20170602","33","6790295","1","0.2","0","0","9/9/2017 02:24:25"
"116","32","34131002542207","20170602","33","5820479","1","5.88","0","0","9/9/2017 02:24:25"
"117","32","34131002542207","20170602","33","5150466","1","4.69","0","0","9/9/2017 02:24:25"
"118","32","34131002542207","20170602","33","4540040","1","3.69","0","0","9/9/2017 02:24:25"
"119","32","34131002542207","20170602","33","3320783","1","9.2","0","0","9/9/2017 02:24:25"
"120","32","34131002542207","20170602","33","3150407","1","13.9","0","0","9/9/2017 02:24:25"
"121","32","34131002542207","20170602","33","4540016","1","3.79","0","0","9/9/2017 02:24:25"
"122","32","34131002542207","20170602","33","3150408","1","13.9","0","0","9/9/2017 02:24:25"
"123","32","34131002542207","20170602","33","2230276","1","2.69","0","0","9/9/2017 02:24:25"
"124","32","34131002542207","20170602","33","2230020","1","10.5","0","0","9/9/2017 02:24:25"
"125","33","34131002542208","20170602","33","1710105","2","13.98","0","0.72","9/9/2017 02:24:25"
"126","33","34131002542208","20170602","33","5550172","2","9.98","0","0.58","9/9/2017 02:24:25"
"127","33","34131002542208","20170602","33","5660081","0.686","34.16","0","2.6096","9/9/2017 02:24:25"
"128","34","34131002542209","20170602","34","5550041","2.41","22.94","0","0.9672","9/9/2017 02:24:25"
"129","34","34131002542209","20170602","34","5150299","1","8.8","0","0.1","9/9/2017 02:24:25"
"130","34","34131002542209","20170602","34","1960079","1","8.2","0","0.1","9/9/2017 02:24:25"
"131","35","34131002542210","20170602","34","6790295","1","0.2","0","0","9/9/2017 02:24:25"
"132","36","34131002542211","20170602","33","4160044","20","978","0","0","9/9/2017 02:24:25"
"133","37","34131002542212","20170602","33","5450052","1.582","5.98","0","0.3164","9/9/2017 02:24:25"
"134","37","34131002542212","20170602","33","4230262","1","9.99","0","0.51","9/9/2017 02:24:25"
"135","38","34131002542213","20170602","33","5613232","0.22","7.92","0","0.22","9/9/2017 02:24:25"
"136","38","34131002542213","20170602","33","5420415","0.238","1.57","0","0.096","9/9/2017 02:24:25"
"137","38","34131002542213","20170602","33","5450052","0.33","1.25","0","0.0634","9/9/2017 02:24:25"
"138","38","34131002542213","20170602","33","5430078","0.234","1.31","0","0.0893","9/9/2017 02:24:25"
"139","38","34131002542213","20170602","33","5531646","0.934","19.61","0","0.5644","9/9/2017 02:24:25"
"140","38","34131002542213","20170602","33","5531575","1.018","15.45","0","0.8176","9/9/2017 02:24:25"
"141","39","34131002542214","20170602","34","1220102","1","10.8","0","0","9/9/2017 02:24:25"
"142","39","34131002542214","20170602","34","3211159","1","2.99","0","0","9/9/2017 02:24:25"
"143","40","34131002542215","20170602","33","6220098","1","3.55","0","0.18","9/9/2017 02:24:25"
"144","40","34131002542215","20170602","33","6610337","1","3.28","0","0.11","9/9/2017 02:24:25"
"145","40","34131002542215","20170602","33","1520264","0.17","6.44","0","0.343","9/9/2017 02:24:25"
"146","40","34131002542215","20170602","33","1520263","0.174","8.53","0","0.518","9/9/2017 02:24:25"
"147","40","34131002542215","20170602","33","6270503","1","4.19","0","0.1","9/9/2017 02:24:25"
"148","40","34131002542215","20170602","33","1220034","1","10.75","0","0.05","9/9/2017 02:24:25"
"149","41","34131002542216","20170602","33","5310306","1.92","10.71","0","0.7716","9/9/2017 02:24:25"
"150","41","34131002542216","20170602","33","5320774","2.346","18.72","0","2.8163","9/9/2017 02:24:25"
"151","41","34131002542216","20170602","33","5411334","1.748","5.24","0","0.3536","9/9/2017 02:24:25"
"152","41","34131002542216","20170602","33","5550172","1","4.99","0","0.29","9/9/2017 02:24:25"
"153","41","34131002542216","20170602","33","4510010","1","8.49","0","0.5","9/9/2017 02:24:25"
"154","41","34131002542216","20170602","33","5910950","1","7.9","0","0.3","9/9/2017 02:24:25"
"155","41","34131002542216","20170602","33","4210025","1","2.65","0","0.14","9/9/2017 02:24:25"
"156","41","34131002542216","20170602","33","5110110","2","37.2","0","0.6","9/9/2017 02:24:25"
"157","42","34131002542217","20170602","34","4210527","1","16.9","0","1","9/9/2017 02:24:25"
"158","43","34131002542218","20170602","34","4110040","2","113.8","0","4","9/9/2017 02:24:25"
"159","44","34131002542219","20170602","33","5411325","0.714","3.57","0","0.1428","9/9/2017 02:24:25"
"160","44","34131002542219","20170602","33","4210584","1","1.99","0","0.1","9/9/2017 02:24:25"
"161","44","34131002542219","20170602","33","5920270","0.174","4.7","0","0.1372","9/9/2017 02:24:25"
"162","44","34131002542219","20170602","33","1520219","0.192","7.07","0","0.3604","9/9/2017 02:24:25"
"163","44","34131002542219","20170602","33","5920304","1","9.9","0","0.9","9/9/2017 02:24:25"
"164","44","34131002542219","20170602","33","3230591","0.208","22.26","0","1.244","9/9/2017 02:24:25"
"165","44","34131002542219","20170602","33","4120026","1","5.29","0","0.3","9/9/2017 02:24:25"
"166","45","34131002542220","20170602","34","4340212","5","19.95","0","1","9/9/2017 02:24:25"
"167","46","34131002542221","20170602","33","5550041","3.23","32.04","0","0","9/9/2017 02:24:25"
"168","47","34131002542222","20170602","34","5550041","1.092","10.4","0","0.4326","9/9/2017 02:24:25"
"169","47","34131002542222","20170602","34","5531538","1.014","40.36","0","0.4028","9/9/2017 02:24:25"
"170","47","34131002542222","20170602","34","5630779","0.55","7.69","0","0.329","9/9/2017 02:24:25"
"171","47","34131002542222","20170602","34","6790295","1","0.2","0","0","9/9/2017 02:24:25"
"172","48","34131002542223","20170602","33","5320774","1.138","10.45","0","0","9/9/2017 02:24:25"
"173","48","34131002542223","20170602","33","6790295","1","0.2","0","0","9/9/2017 02:24:25"
"174","48","34131002542223","20170602","33","1250398","1","12.55","0","0","9/9/2017 02:24:25"
"175","48","34131002542223","20170602","33","4140345","1","9.6","0","0","9/9/2017 02:24:25"
"176","49","34131002542224","20170602","33","5540290","1.214","15.27","0","0.4877","9/9/2017 02:24:25"
"177","49","34131002542224","20170602","33","5930344","0.254","6.39","0","0.1632","9/9/2017 02:24:25"
"178","50","34131002542225","20170602","34","6764990","1","3.79","0","0.2","9/9/2017 02:24:25"
"179","51","34131002542226","20170602","33","4220244","2","16.56","0","0.88","9/9/2017 02:24:25"
"180","51","34131002542226","20170602","33","6722853","1","39.9","0","1.6","9/9/2017 02:24:25"
"181","51","34131002542226","20170602","33","6790295","1","0.2","0","0","9/9/2017 02:24:25"
"182","51","34131002542226","20170602","33","6732791","4","33.8","0","1.76","9/9/2017 02:24:25"
"183","51","34131002542226","20170602","33","6765482","1","15.1","0","0.8","9/9/2017 02:24:25"
"184","51","34131002542226","20170602","33","6765483","1","17.9","0","1","9/9/2017 02:24:25"
"185","51","34131002542226","20170602","33","6132447","2","36.2","0","1.2","9/9/2017 02:24:25"
"186","52","34131002542227","20170602","33","5411333","0.42","2.69","0","0.082","9/9/2017 02:24:25"
"187","52","34131002542227","20170602","33","5410432","0.484","10.45","0","0.1883","9/9/2017 02:24:25"
"188","52","34131002542227","20170602","33","5920044","1.126","11.24","0","0.6506","9/9/2017 02:24:25"
"189","53","34131002542228","20170602","33","4340408","1","289","0","16","9/9/2017 02:24:25"
"190","54","34131002542229","20170602","34","8536980","1","79.9","0","5","9/9/2017 02:24:25"
"191","55","34131002542230","20170602","34","9131194","1","88.9","0","0","9/9/2017 02:24:25"
"192","56","34131002542231","20170602","33","5920238","0.54","7.21","0","0.2204","9/9/2017 02:24:25"
"193","56","34131002542231","20170602","33","4230047","1.036","6.94","0","0.0841","9/9/2017 02:24:25"
"194","56","34131002542231","20170602","33","5420425","0.564","3.37","0","0.2396","9/9/2017 02:24:25"
"195","56","34131002542231","20170602","33","5910940","0.714","5.54","0","0.1434","9/9/2017 02:24:25"
"196","56","34131002542231","20170602","33","5920302","0.378","5.96","0","0.0729","9/9/2017 02:24:25"
"197","56","34131002542231","20170602","33","5550041","0.982","9.35","0","0.3914","9/9/2017 02:24:25"
"198","57","34131002542232","20170602","34","6732834","2","23","0","0.8","9/9/2017 02:24:25"
"199","57","34131002542232","20170602","34","6790295","1","0.2","0","0","9/9/2017 02:24:25"
"200","57","34131002542232","20170602","34","6770883","1","19.9","0","1","9/9/2017 02:24:25"
"201","57","34131002542232","20170602","34","6120603","1","10.9","0","1","9/9/2017 02:24:25"
"202","57","34131002542232","20170602","34","6722733","2","12.32","0","0.66","9/9/2017 02:24:25"
"203","57","34131002542232","20170602","34","6210681","1","14.9","0","0.6","9/9/2017 02:24:25"
"204","57","34131002542232","20170602","34","6141103","1","12.39","0","0.66","9/9/2017 02:24:25"
"205","57","34131002542232","20170602","34","6120650","1","10.68","0","0.57","9/9/2017 02:24:25"
"206","57","34131002542232","20170602","34","7115774","1","50.39","14.212","3.4","9/9/2017 02:24:25"
"207","58","34131002542233","20170602","33","6760015","1","9.19","0","0.3","9/9/2017 02:24:25"
"208","58","34131002542233","20170602","33","6241003","1","15.5","0","0.4","9/9/2017 02:24:25"
"209","58","34131002542233","20170602","33","7116070","2","264","0","14","9/9/2017 02:24:25"
"210","58","34131002542233","20170602","33","7173945","1","50.39","14.212","3.4","9/9/2017 02:24:25"
"211","59","34131002542234","20170602","33","2260387","1","42.6","0","2.2","9/9/2017 02:24:25"
"212","59","34131002542234","20170602","33","6790295","1","0.2","0","0","9/9/2017 02:24:25"
"213","59","34131002542234","20170602","33","5210114","1","6.99","0","0.26","9/9/2017 02:24:25"
"214","59","34131002542234","20170602","33","6640493","1","29.26","0","1.53","9/9/2017 02:24:25"
"215","59","34131002542234","20170602","33","6742804","10","13.9","0","1","9/9/2017 02:24:25"
"216","60","34131002542235","20170602","34","6120650","1","10.68","0","0.57","9/9/2017 02:24:25"
"217","60","34131002542235","20170602","34","6210683","1","15.6","0","0.3","9/9/2017 02:24:25"
"218","60","34131002542235","20170602","34","6742232","1","34.1","0","1.8","9/9/2017 02:24:25"
"219","60","34131002542235","20170602","34","9530214","1","67.9","0","3.7","9/9/2017 02:24:25"
"220","60","34131002542235","20170602","34","3211057","1","9.39","0","0.5","9/9/2017 02:24:25"
"221","61","34131002542236","20170602","34","5650079","0.404","3.62","0","0.2586","9/9/2017 02:24:25"
"222","61","34131002542236","20170602","34","4210082","1","18.89","0","0.6","9/9/2017 02:24:25"
"223","62","34131002542237","20170602","34","4350123","1","19.9","0","1","9/9/2017 02:24:25"
"224","62","34131002542237","20170602","34","4340403","1","19.9","0","1","9/9/2017 02:24:25"
"225","62","34131002542237","20170602","34","5550172","2","9.98","0","0.58","9/9/2017 02:24:25"
"226","63","34131002542238","20170602","33","5410606","2.026","22.29","0","0.3607","9/9/2017 02:24:25"
"227","63","34131002542238","20170602","33","4160044","2","95.8","0","2","9/9/2017 02:24:25"
"228","64","34131002542239","20170602","34","5622565","0.586","30.24","0","3.5136","9/9/2017 02:24:25"
"229","65","34131002542240","20170602","33","6790295","1","0.2","0","0","9/9/2017 02:24:25"
"230","66","34131002542241","20170602","33","5930346","0.18","6.8","0","0.364","9/9/2017 02:24:25"
"231","66","34131002542241","20170602","33","5930262","0.148","14.44","0","0.3008","9/9/2017 02:24:25"
"232","66","34131002542241","20170602","33","1520263","0.316","15.48","0","0.952","9/9/2017 02:24:25"
"233","66","34131002542241","20170602","33","6790295","1","0.2","0","0","9/9/2017 02:24:25"
"234","66","34131002542241","20170602","33","1520219","0.242","8.91","0","0.4554","9/9/2017 02:24:25"
"235","66","34131002542241","20170602","33","1520264","0.69","26.15","0","1.381","9/9/2017 02:24:25"
"236","66","34131002542241","20170602","33","3230541","0.406","15.02","0","0.814","9/9/2017 02:24:25"
"237","66","34131002542241","20170602","33","3380719","1.376","34.95","0","1.8993","9/9/2017 02:24:25"
"238","66","34131002542241","20170602","33","1960099","1","7.99","0","0.2","9/9/2017 02:24:25"
"239","66","34131002542241","20170602","33","1960101","1","10.9","0","0","9/9/2017 02:24:25"
"240","66","34131002542241","20170602","33","5150299","1","8.8","0","0.1","9/9/2017 02:24:25"
"241","67","34131002542242","20170602","34","5450051","0.234","4.45","0","0","9/9/2017 02:24:25"
"242","67","34131002542242","20170602","34","5421177","0.718","4.6","0","0","9/9/2017 02:24:25"
"243","68","34131002542243","20170602","34","5550041","2.112","20.11","0","0.841","9/9/2017 02:24:25"
"244","68","34131002542243","20170602","34","5550041","2.048","19.5","0","0.8162","9/9/2017 02:24:25"
"245","68","34131002542243","20170602","34","4110174","5.522","26.4","0","1.0996","9/9/2017 02:24:25"
"246","68","34131002542243","20170602","34","4110174","5.456","26.08","0","1.0909","9/9/2017 02:24:25"
"247","69","34131002542244","20170602","33","6770472","1","35.9","0","2","9/9/2017 02:24:25"
"248","69","34131002542244","20170602","33","4220384","1","16.9","0","1","9/9/2017 02:24:25"
"249","69","34131002542244","20170602","33","5140492","1","5.1","0","0.15","9/9/2017 02:24:25"
"250","69","34131002542244","20170602","33","1740229","1","13.9","0","0","9/9/2017 02:24:25"
"251","69","34131002542244","20170602","33","6750785","1","9.49","0","0.5","9/9/2017 02:24:25"
"252","69","34131002542244","20170602","33","6790295","1","0.2","0","0","9/9/2017 02:24:25"
"253","69","34131002542244","20170602","33","6770948","1","15.9","0","1","9/9/2017 02:24:25"
"254","70","34131002542245","20170602","33","5920270","0.914","24.68","0","0.7292","9/9/2017 02:24:25"
"255","70","34131002542245","20170602","33","4130240","1","4.49","0","0.26","9/9/2017 02:24:25"
"256","70","34131002542245","20170602","33","5630045","0.666","26.51","0","2.7807","9/9/2017 02:24:25"
"257","70","34131002542245","20170602","33","4220368","2","4.46","0","0.24","9/9/2017 02:24:25"
"258","71","34131002542246","20170602","34","2270777","1","49.9","0","0.5","9/9/2017 02:24:25"
"259","71","34131002542246","20170602","34","5420426","0.182","3.27","0","0.188","9/9/2017 02:24:25"
"260","71","34131002542246","20170602","34","6790295","1","0.2","0","0","9/9/2017 02:24:25"
"261","71","34131002542246","20170602","34","4330118","1","5.99","0","0.3","9/9/2017 02:24:25"
"262","71","34131002542246","20170602","34","2270698","1","32.3","0","1.7","9/9/2017 02:24:25"
"263","71","34131002542246","20170602","34","6723305","2","9.3","0","0.48","9/9/2017 02:24:25"
"264","71","34131002542246","20170602","34","6722090","1","4.99","0","0.26","9/9/2017 02:24:25"
"265","71","34131002542246","20170602","34","2270698","1","16.15","16.15","1.7","9/9/2017 02:24:25"
"266","72","34131002542247","20170602","33","5550172","2","9.98","0","0.58","9/9/2017 02:24:25"
"267","72","34131002542247","20170602","33","5130816","1","4.27","0","0.23","9/9/2017 02:24:25"
"268","72","34131002542247","20170602","33","4350123","1","19.9","0","1","9/9/2017 02:24:25"
"269","72","34131002542247","20170602","33","4340403","1","19.9","0","1","9/9/2017 02:24:25"
"270","72","34131002542247","20170602","33","5410610","1.714","13.68","0","0.7176","9/9/2017 02:24:25"
"271","73","34131002542248","20170602","33","5611548","0.616","9.84","0","0.632","9/9/2017 02:24:25"
"272","73","34131002542248","20170602","33","6790295","1","0.2","0","0","9/9/2017 02:24:25"
"273","73","34131002542248","20170602","33","5660081","1.084","53.98","0","4.1224","9/9/2017 02:24:25"
"274","73","34131002542248","20170602","33","5531575","1.014","15.39","0","0.8137","9/9/2017 02:24:25"
"275","73","34131002542248","20170602","33","5430063","0.726","5.52","0","0.288","9/9/2017 02:24:25"
"276","73","34131002542248","20170602","33","5531646","0.72","15.12","0","0.432","9/9/2017 02:24:25"
"277","73","34131002542248","20170602","33","5550166","0.556","17.78","0","1.1129","9/9/2017 02:24:25"
"278","73","34131002542248","20170602","33","5430064","0.26","1.82","0","0.156","9/9/2017 02:24:25"
"279","73","34131002542248","20170602","33","5411331","0.284","2.56","0","0.1664","9/9/2017 02:24:25"
"280","73","34131002542248","20170602","33","3311101","1","29.9","0","2","9/9/2017 02:24:25"
"281","73","34131002542248","20170602","33","6620089","4","10.48","0","0.56","9/9/2017 02:24:25"
"282","74","34131002542249","20170602","34","5660591","0.116","15.96","0","0.2568","9/9/2017 02:24:25"
"283","74","34131002542249","20170602","34","5531538","0.596","23.72","0","0.2392","9/9/2017 02:24:25"
"284","74","34131002542249","20170602","34","5550172","1","4.99","0","0.29","9/9/2017 02:24:25"
"285","74","34131002542249","20170602","34","4340403","1","19.9","0","1","9/9/2017 02:24:25"
"286","74","34131002542249","20170602","34","5411324","1.212","2.16","0","0.2398","9/9/2017 02:24:25"
"287","74","34131002542249","20170602","34","5411330","0.348","3.13","0","0.2108","9/9/2017 02:24:25"
"288","75","34131002542250","20170602","33","4350123","1","19.9","0","1","9/9/2017 02:24:25"
"289","75","34131002542250","20170602","33","1250398","1","12.5","0","0.05","9/9/2017 02:24:25"
"290","76","34131002542251","20170602","33","6210738","1","6.15","0","0","9/9/2017 02:24:25"
"291","76","34131002542251","20170602","33","6722236","1","2.99","0","0","9/9/2017 02:24:25"
"292","76","34131002542251","20170602","33","3210581","2","4.2","0","0","9/9/2017 02:24:25"
"293","76","34131002542251","20170602","33","6220469","1","5.79","0","0","9/9/2017 02:24:25"
"294","76","34131002542251","20170602","33","6270644","1","8.78","0","0","9/9/2017 02:24:25"
"295","77","34131002542252","20170602","34","3210799","1","9.99","0","0.25","9/9/2017 02:24:25"
"296","77","34131002542252","20170602","34","9520951","1","179","0","10","9/9/2017 02:24:25"
"297","77","34131002542252","20170602","34","6765299","1","22.9","0","1","9/9/2017 02:24:25"
"298","77","34131002542252","20170602","34","7291319","2","132.4","0","7.4","9/9/2017 02:24:25"
"299","77","34131002542252","20170602","34","6271082","1","42.5","0","1.3","9/9/2017 02:24:25"
"300","77","34131002542252","20170602","34","6260936","1","16.9","0","0.8","9/9/2017 02:24:25"
"301","77","34131002542252","20170602","34","6352853","1","80.75","0","4.25","9/9/2017 02:24:25"
"302","78","34131002542253","20170602","33","5421177","1.888","11.29","0","0.7932","9/9/2017 02:24:25"
"303","78","34131002542253","20170602","33","5411332","0.648","5.83","0","0.3908","9/9/2017 02:24:25"
"304","78","34131002542253","20170602","33","5430061","0.714","4.27","0","0.2996","9/9/2017 02:24:25"
"305","78","34131002542253","20170602","33","6110508","1","9.2","0","0.29","9/9/2017 02:24:25"
"306","78","34131002542253","20170602","33","6220244","2","5.68","0","0.3","9/9/2017 02:24:25"
"307","78","34131002542253","20170602","33","4160044","1","47.9","0","1","9/9/2017 02:24:25"
"308","79","34131002542254","20170602","34","4110183","0.568","3.24","0","0","9/9/2017 02:24:25"
"309","79","34131002542254","20170602","34","5550172","1","5.28","0","0","9/9/2017 02:24:25"
"310","80","34131002542255","20170602","33","9550257","1","40.9","0","0","9/9/2017 02:24:25"
"311","81","34131002542256","20170602","34","6620089","4","11.04","0","0","9/9/2017 02:24:25"
"312","82","34131002542257","20170602","33","6220098","1","3.55","0","0.18","9/9/2017 02:24:25"
"313","82","34131002542257","20170602","33","5550172","1","4.99","0","0.29","9/9/2017 02:24:25"
"314","83","34131002542258","20170602","34","9131254","1","39.8","0","0","9/9/2017 02:24:25"
"315","84","34131002542259","20170602","33","3311339","1","32.5","0","0","9/9/2017 02:24:25"
"316","84","34131002542259","20170602","33","6750990","2","13.98","0","0","9/9/2017 02:24:25"
"317","84","34131002542259","20170602","33","6261384","1","19.9","0","0","9/9/2017 02:24:25"
"318","84","34131002542259","20170602","33","3350188","1","44.7","0","0","9/9/2017 02:24:25"
"319","84","34131002542259","20170602","33","6790295","1","0.2","0","0","9/9/2017 02:24:25"
"320","85","34131002542260","20170602","33","5920273","0.66","6.05","0","0.5236","9/9/2017 02:24:25"
"321","85","34131002542260","20170602","33","5660591","0.226","31.1","0","0.4948","9/9/2017 02:24:25"
"322","85","34131002542260","20170602","33","5550041","0.986","9.39","0","0.3911","9/9/2017 02:24:25"
"323","85","34131002542260","20170602","33","5420415","0.468","3.09","0","0.186","9/9/2017 02:24:25"
"324","85","34131002542260","20170602","33","5430079","1.226","11.03","0","0.7396","9/9/2017 02:24:25"
"325","85","34131002542260","20170602","33","5930262","0.144","14.05","0","0.2924","9/9/2017 02:24:25"
"326","86","34131002542261","20170602","34","3380501","0.7","34.65","0","1.61","9/9/2017 02:24:25"
"327","86","34131002542261","20170602","34","1520263","0.408","19.99","0","1.226","9/9/2017 02:24:25"
"328","86","34131002542261","20170602","34","5430079","0.328","2.95","0","0.1988","9/9/2017 02:24:25"
"329","86","34131002542261","20170602","34","5940262","2","11.76","0","0.22","9/9/2017 02:24:25"
"330","86","34131002542261","20170602","34","5430074","0.764","6.88","0","0.4544","9/9/2017 02:24:25"
"331","86","34131002542261","20170602","34","6790295","1","0.2","0","0","9/9/2017 02:24:25"
"332","86","34131002542261","20170602","34","4230138","3","14.25","0","0.6","9/9/2017 02:24:25"
"333","87","34131002542262","20170602","33","3341144","1","17.1","0","0.9","9/9/2017 02:24:25"
"334","87","34131002542262","20170602","33","3130272","1","19.9","0","1","9/9/2017 02:24:25"
"335","87","34131002542262","20170602","33","1560308","1","27.7","0","1.5","9/9/2017 02:24:25"
"336","87","34131002542262","20170602","33","6790295","1","0.2","0","0","9/9/2017 02:24:25"
"337","88","34131002542263","20170602","33","6610600","1","16.9","0","0","9/9/2017 02:24:25"
"338","88","34131002542263","20170602","33","6220468","1","5.15","0","0","9/9/2017 02:24:25"
"339","89","34131002542264","20170602","34","2240700","1","37.7","0","0","9/9/2017 02:24:25"
"340","89","34131002542264","20170602","34","3211232","3","8.97","0","0","9/9/2017 02:24:25"
"341","89","34131002542264","20170602","34","1780142","1","14.6","0","0","9/9/2017 02:24:25"
"342","89","34131002542264","20170602","34","3341061","1","5.75","0","0","9/9/2017 02:24:25"
"343","89","34131002542264","20170602","34","3230591","0.466","52.66","0","0","9/9/2017 02:24:25"
"344","89","34131002542264","20170602","34","5410432","0.756","16.62","0","0","9/9/2017 02:24:25"
"345","90","34131002542265","20170602","33","4340245","1","35.8","0","0","9/9/2017 02:24:25"
"346","90","34131002542265","20170602","33","5960031","1","29.9","0","0","9/9/2017 02:24:25"
"347","90","34131002542265","20170602","33","6790295","1","0.2","0","0","9/9/2017 02:24:25"
"348","91","34131002542266","20170602","33","5611552","0.878","13.7","0","0.348","9/9/2017 02:24:25"
"349","91","34131002542266","20170602","33","5430063","0.296","2.25","0","0.118","9/9/2017 02:24:25"
"350","91","34131002542266","20170602","33","5450051","0.344","3.1","0","0.1542","9/9/2017 02:24:25"
"351","91","34131002542266","20170602","33","5420617","1.906","5.68","0","0.7623","9/9/2017 02:24:25"
"352","92","34131002542267","20170602","33","5520101","3.362","234.67","0","0","9/9/2017 02:24:25"
"353","93","34131002542268","20170602","34","5550041","0.644","6.39","0","0","9/9/2017 02:24:25"
"354","94","34131002542269","20170602","34","4230047","2.152","14.42","0","0.1706","9/9/2017 02:24:25"
"355","94","34131002542269","20170602","34","4210042","1","6.57","0","0.35","9/9/2017 02:24:25"
"356","94","34131002542269","20170602","34","5940238","1","3.16","0","0.16","9/9/2017 02:24:25"
"357","94","34131002542269","20170602","34","5950024","1","4.26","0","0.24","9/9/2017 02:24:25"
"358","94","34131002542269","20170602","34","4240087","1","2.99","0","0.2","9/9/2017 02:24:25"
"359","95","34131002542270","20170602","34","4160044","2","95.8","0","2","9/9/2017 02:24:25"
"360","96","34131002542271","20170602","34","5430061","0.23","1.38","0","0.092","9/9/2017 02:24:25"
"361","96","34131002542271","20170602","34","5550041","0.652","6.21","0","0.2578","9/9/2017 02:24:25"
"362","97","34131002542272","20170602","33","1520264","1.046","39.64","0","2.0954","9/9/2017 02:24:25"
"363","97","34131002542272","20170602","33","3380501","0.054","2.67","0","0.1272","9/9/2017 02:24:25"
"364","97","34131002542272","20170602","33","3380698","0.586","7.5","0","0.411","9/9/2017 02:24:25"
"365","98","34131002542273","20170602","33","5130798","1","8.25","0","0.25","9/9/2017 02:24:25"
"366","98","34131002542273","20170602","33","6790295","1","0.2","0","0","9/9/2017 02:24:25"
"367","98","34131002542273","20170602","33","5550145","2","18.76","0","0.4","9/9/2017 02:24:25"
"368","98","34131002542273","20170602","33","5650055","1","3.75","0","0.2","9/9/2017 02:24:25"
"369","98","34131002542273","20170602","33","5650056","1","3.75","0","0.2","9/9/2017 02:24:25"
"370","98","34131002542273","20170602","33","5930261","0.09","6.64","0","0.362","9/9/2017 02:24:25"
"371","98","34131002542273","20170602","33","6220466","2","17.58","0","1","9/9/2017 02:24:25"
"372","98","34131002542273","20170602","33","3380719","1.034","26.26","0","1.4305","9/9/2017 02:24:25"
"373","98","34131002542273","20170602","33","3340730","4","10.8","0","0.36","9/9/2017 02:24:25"
"374","98","34131002542273","20170602","33","3211192","5","9.45","0","0.5","9/9/2017 02:24:25"
"375","98","34131002542273","20170602","33","3341113","3","25.29","0","1.35","9/9/2017 02:24:25"
"376","98","34131002542273","20170602","33","6220293","1","6.87","0","0.22","9/9/2017 02:24:25"
"377","99","34131002542274","20170602","34","6610593","3","5.97","0","0.3","9/9/2017 02:24:25"
"378","99","34131002542274","20170602","34","6733413","1","9.99","0","0.51","9/9/2017 02:24:25"
"379","100","34131002542275","20170602","33","1320265","1","7.6","0","0","9/9/2017 02:24:25"
"380","101","34131002542276","20170602","34","5550041","2.976","28.33","0","1.1919","9/9/2017 02:24:25"
"381","101","34131002542276","20170602","34","5550041","2.91","27.7","0","1.1672","9/9/2017 02:24:25"
"382","102","34131002542277","20170602","34","5550041","0.65","6.19","0","0.258","9/9/2017 02:24:25"
"383","102","34131002542277","20170602","34","5611616","0.594","9.27","0","0.234","9/9/2017 02:24:25"
"384","103","34131002542278","20170602","34","6742066","1","22.79","0","1.2","9/9/2017 02:24:25"
"385","104","34131002542279","20170602","33","5940246","2","5.54","0","0.3","9/9/2017 02:24:25"
"386","105","34131002542280","20170602","34","4160044","1","47.9","0","1","9/9/2017 02:24:25"
"387","106","34131002542281","20170602","33","4110183","6.18","35.23","0","0","9/9/2017 02:24:25"
"388","107","34131002542282","20170602","33","5430078","2.018","11.3","0","0.7676","9/9/2017 02:24:25"
"389","108","34131002542283","20170602","33","5910964","0.606","8.84","0","0","9/9/2017 02:24:25"
"390","108","34131002542283","20170602","33","2240800","1","3.89","0","0","9/9/2017 02:24:25"
"391","108","34131002542283","20170602","33","6790295","1","0.2","0","0","9/9/2017 02:24:25"
"392","108","34131002542283","20170602","33","6132267","1","3.9","0","0","9/9/2017 02:24:25"
"393","108","34131002542283","20170602","33","6210070","2","6.3","0","0","9/9/2017 02:24:25"
"394","108","34131002542283","20170602","33","1510676","1","5.29","0","0","9/9/2017 02:24:25"
"395","108","34131002542283","20170602","33","3110793","1","5.5","0","0","9/9/2017 02:24:25"
"396","108","34131002542283","20170602","33","3350455","2","6.2","0","0","9/9/2017 02:24:25"
"397","108","34131002542283","20170602","33","2240231","1","3.69","0","0","9/9/2017 02:24:25"
"398","108","34131002542283","20170602","33","6111220","2","5.1","0","0","9/9/2017 02:24:25"
"399","108","34131002542283","20170602","33","6280925","1","5.19","0","0","9/9/2017 02:24:25"
"400","108","34131002542283","20170602","33","3110776","1","4.49","0","0","9/9/2017 02:24:25"
"401","109","34131002542284","20170602","34","3341147","1","4.7","0","0","9/9/2017 02:24:25"
"402","109","34131002542284","20170602","34","3341064","1","3.79","0","0","9/9/2017 02:24:25"
"403","109","34131002542284","20170602","34","1210082","2","5.4","0","0","9/9/2017 02:24:25"
"404","109","34131002542284","20170602","34","3350585","1","4.3","0","0","9/9/2017 02:24:25"
"405","110","34131002542285","20170602","34","5421177","0.49","2.93","0","0.206","9/9/2017 02:24:25"
"406","111","34131002542286","20170602","34","1210082","1","2.7","0","0","9/9/2017 02:24:25"
"407","111","34131002542286","20170602","34","3341064","1","3.79","0","0","9/9/2017 02:24:25"
"408","111","34131002542286","20170602","34","3350585","1","4.3","0","0","9/9/2017 02:24:25"
"409","112","34131002542287","20170602","33","3210339","1","9.95","0","0","9/9/2017 02:24:25"
"410","112","34131002542287","20170602","33","3230591","0.338","38.19","0","0","9/9/2017 02:24:25"
"411","113","34131002542288","20170602","34","6210941","1","6.99","0","0.37","9/9/2017 02:24:25"
"412","113","34131002542288","20170602","34","6270503","1","4.19","0","0.1","9/9/2017 02:24:25"
"413","113","34131002542288","20170602","34","6210131","1","4.64","0","0.25","9/9/2017 02:24:25"
"414","114","34131002542289","20170602","33","5930261","0.29","22.56","0","0","9/9/2017 02:24:25"
"415","114","34131002542289","20170602","33","5920218","0.864","11.37","0","0","9/9/2017 02:24:25"
"416","114","34131002542289","20170602","33","5930358","0.778","37.03","0","0","9/9/2017 02:24:25"
"417","115","34131002542290","20170602","34","5531578","1","26.2","0","1.38","9/9/2017 02:24:25"
"418","115","34131002542290","20170602","34","5531575","1.008","15.3","0","0.8078","9/9/2017 02:24:25"
"419","115","34131002542290","20170602","34","4340215","4","23.6","0","2.4","9/9/2017 02:24:25"
"420","115","34131002542290","20170602","34","5630779","0.794","11.1","0","0.4765","9/9/2017 02:24:25"
"421","115","34131002542290","20170602","34","6790295","1","0.2","0","0","9/9/2017 02:24:25"
"422","115","34131002542290","20170602","34","5410554","1.126","16.44","0","0.8554","9/9/2017 02:24:25"
"423","115","34131002542290","20170602","34","5550041","1.778","16.93","0","0.7078","9/9/2017 02:24:25"
"424","115","34131002542290","20170602","34","5430066","0.788","4.41","0","0.3022","9/9/2017 02:24:25"
"425","116","34131002542291","20170602","33","6631188","1","4.89","0","0","9/9/2017 02:24:25"
"426","116","34131002542291","20170602","33","6631190","1","6.59","0","0","9/9/2017 02:24:25"
"427","117","34131002542292","20170602","33","4520046","1","7.59","0","0.3","9/9/2017 02:24:25"
"428","117","34131002542292","20170602","33","1220033","1","10.75","0","0.05","9/9/2017 02:24:25"
"429","117","34131002542292","20170602","33","6790295","2","0.4","0","0","9/9/2017 02:24:25"
"430","117","34131002542292","20170602","33","1960252","1","8.19","0","0.3","9/9/2017 02:24:25"
"431","117","34131002542292","20170602","33","3380501","0.16","7.92","0","0.368","9/9/2017 02:24:25"
"432","117","34131002542292","20170602","33","1960101","1","10.9","0","0","9/9/2017 02:24:25"
"433","117","34131002542292","20170602","33","5210170","1","9.56","0","0.3","9/9/2017 02:24:25"
"434","117","34131002542292","20170602","33","5210172","1","12.1","0","0.4","9/9/2017 02:24:25"
"435","117","34131002542292","20170602","33","5150607","1","10.6","0","0.3","9/9/2017 02:24:25"
"436","117","34131002542292","20170602","33","4120064","2","15.38","0","0.8","9/9/2017 02:24:25"
"437","117","34131002542292","20170602","33","5430319","0.344","9.84","0","0.3424","9/9/2017 02:24:25"
"438","117","34131002542292","20170602","33","4230068","1","18.9","0","1","9/9/2017 02:24:25"
"439","117","34131002542292","20170602","33","4230259","1","7.78","0","0.41","9/9/2017 02:24:25"
"440","117","34131002542292","20170602","33","4130084","1","4.99","0","0.26","9/9/2017 02:24:25"
"441","117","34131002542292","20170602","33","3211130","1","9.77","0","0.52","9/9/2017 02:24:25"
"442","117","34131002542292","20170602","33","1250351","5","16.45","0","0","9/9/2017 02:24:25"
"443","117","34131002542292","20170602","33","1510406","2","18.2","0","0.78","9/9/2017 02:24:25"
"444","117","34131002542292","20170602","33","1170014","1","3.2","0","0.1","9/9/2017 02:24:25"
"445","117","34131002542292","20170602","33","3341144","1","17.1","0","0.9","9/9/2017 02:24:25"
"446","117","34131002542292","20170602","33","4120026","1","5.29","0","0.3","9/9/2017 02:24:25"
"447","117","34131002542292","20170602","33","3220997","1","10.8","0","0.6","9/9/2017 02:24:25"
"448","117","34131002542292","20170602","33","6111802","1","5.99","0","0.19","9/9/2017 02:24:25"
"449","117","34131002542292","20170602","33","6220441","1","10.8","0","0.5","9/9/2017 02:24:25"
"450","117","34131002542292","20170602","33","6271884","1","9.79","0","0.2","9/9/2017 02:24:25"
"451","117","34131002542292","20170602","33","6210869","1","6.78","0","0.21","9/9/2017 02:24:25"
"452","117","34131002542292","20170602","33","6280925","1","5.03","0","0.16","9/9/2017 02:24:25"
"453","117","34131002542292","20170602","33","6131020","1","3.56","0","0.13","9/9/2017 02:24:25"
"454","117","34131002542292","20170602","33","6220451","1","9.49","0","0.5","9/9/2017 02:24:25"
"455","117","34131002542292","20170602","33","6220466","1","8.79","0","0.5","9/9/2017 02:24:25"
"456","117","34131002542292","20170602","33","6210409","1","12.5","0","0","9/9/2017 02:24:25"
"457","118","34131002542293","20170602","33","3340149","1","3.19","0","0","9/9/2017 02:24:25"
"458","118","34131002542293","20170602","33","3340157","2","13.56","0","0","9/9/2017 02:24:25"
"459","118","34131002542293","20170602","33","6790295","1","0.2","0","0","9/9/2017 02:24:25"
"460","118","34131002542293","20170602","33","3340737","1","2.89","0","0","9/9/2017 02:24:25"
"461","118","34131002542293","20170602","33","3210949","1","7.48","0","0","9/9/2017 02:24:25"
"462","118","34131002542293","20170602","33","3350436","1","24.8","0","0","9/9/2017 02:24:25"
"463","118","34131002542293","20170602","33","2260645","1","25.5","0","0","9/9/2017 02:24:25"
"464","118","34131002542293","20170602","33","6270975","1","13.3","0","0","9/9/2017 02:24:25"
"465","118","34131002542293","20170602","33","3210779","1","2.49","0","0","9/9/2017 02:24:25"
"466","118","34131002542293","20170602","33","3111184","1","4.79","0","0","9/9/2017 02:24:25"
"467","118","34131002542293","20170602","33","1520362","2","11","0","0","9/9/2017 02:24:25"
"468","119","34131002542294","20170602","34","4230293","5","7.5","0","0","9/9/2017 02:24:25"
"469","119","34131002542294","20170602","34","5411315","2.216","7.98","0","0","9/9/2017 02:24:25"
"470","119","34131002542294","20170602","34","5820508","1","12.8","0","0","9/9/2017 02:24:25"
"471","119","34131002542294","20170602","34","6790295","1","0.2","0","0","9/9/2017 02:24:25"
"472","120","34131002542295","20170602","34","5410479","1.57","7.5","0","0.6326","9/9/2017 02:24:25"
"473","120","34131002542295","20170602","34","5550145","1","9.38","0","0.2","9/9/2017 02:24:25"
"474","121","34131002542296","20170602","34","5410606","0.796","8.76","0","0.1393","9/9/2017 02:24:25"
"475","122","34131002542297","20170602","34","5320774","1.734","13.84","0","2.0781","9/9/2017 02:24:25"
"476","122","34131002542297","20170602","34","5930261","0.148","10.92","0","0.5944","9/9/2017 02:24:25"
"477","122","34131002542297","20170602","34","1140423","1","30.2","0","1.6","9/9/2017 02:24:25"
"478","122","34131002542297","20170602","34","1520264","0.704","26.68","0","1.4096","9/9/2017 02:24:25"
"479","123","34131002542298","20170602","34","3210978","1","5.29","0","0","9/9/2017 02:24:25"
"480","123","34131002542298","20170602","34","3211157","1","6.99","0","0","9/9/2017 02:24:25"
"481","123","34131002542298","20170602","34","3110634","1","3.96","0","0","9/9/2017 02:24:25"
"482","123","34131002542298","20170602","34","6790295","1","0.2","0","0","9/9/2017 02:24:25"
"483","123","34131002542298","20170602","34","1280027","2","7","0","0","9/9/2017 02:24:25"
"484","123","34131002542298","20170602","34","3210458","2","3.54","0","0","9/9/2017 02:24:25"
"485","123","34131002542298","20170602","34","3340848","1","2.88","0","0","9/9/2017 02:24:25"
"486","123","34131002542298","20170602","34","1150013","1","1.2","0","0","9/9/2017 02:24:25"
"487","123","34131002542298","20170602","34","3111126","1","5.99","0","0","9/9/2017 02:24:25"
"488","123","34131002542298","20170602","34","3360088","1","7.79","0","0","9/9/2017 02:24:25"
"489","124","34131002542299","20170602","34","6220264","1","9.09","0","0.5","9/9/2017 02:24:25"
"490","124","34131002542299","20170602","34","6211093","1","11.5","0","0.4","9/9/2017 02:24:25"
"491","124","34131002542299","20170602","34","7210775","1","18.9","0","1","9/9/2017 02:24:25"
"492","124","34131002542299","20170602","34","7210760","1","23.9","0","1.3","9/9/2017 02:24:25"
"493","124","34131002542299","20170602","34","6120058","1","12.6","0","0.3","9/9/2017 02:24:25"
"494","124","34131002542299","20170602","34","2270779","1","207","0","1","9/9/2017 02:24:25"
"495","124","34131002542299","20170602","34","6790295","1","0.2","0","0","9/9/2017 02:24:25"
"496","125","34131002542300","20170602","33","6270503","1","4.19","0","0.1","9/9/2017 02:24:25"
"497","126","34131002542301","20170602","33","6320995","1","22.9","0","0","9/9/2017 02:24:25"
"498","126","34131002542301","20170602","33","5411324","1.842","3.65","0","0","9/9/2017 02:24:25"
"499","126","34131002542301","20170602","33","5411324","1.284","2.54","0","0","9/9/2017 02:24:25"
"500","126","34131002542301","20170602","33","5411333","0.384","2.53","0","0","9/9/2017 02:24:25"
"501","127","34131002542302","20170602","34","5411334","1.386","4.16","0","0.2752","9/9/2017 02:24:25"
"502","127","34131002542302","20170602","34","4110070","2","139.8","0","2","9/9/2017 02:24:25"
"503","128","34131002542303","20170602","33","5411315","0.438","1.4","0","0.1768","9/9/2017 02:24:25"
"504","128","34131002542303","20170602","33","5411325","0.718","3.59","0","0.1436","9/9/2017 02:24:25"
"505","128","34131002542303","20170602","33","6281218","1","37.9","0","1.9","9/9/2017 02:24:25"
"506","128","34131002542303","20170602","33","6240357","1","21.6","0","1.3","9/9/2017 02:24:25"
"507","128","34131002542303","20170602","33","1170401","1","2.37","0","0.13","9/9/2017 02:24:25"
"508","128","34131002542303","20170602","33","6353750","1","17.86","0","0.94","9/9/2017 02:24:25"
"509","128","34131002542303","20170602","33","6281867","1","27.7","0","1.5","9/9/2017 02:24:25"
"510","128","34131002542303","20170602","33","6790295","1","0.2","0","0","9/9/2017 02:24:25"
"511","129","34131002542304","20170602","34","6723248","1","15.8","0","0","9/9/2017 02:24:25"
"512","130","34131002542305","20170602","33","5920337","0.504","4.01","0","0","9/9/2017 02:24:25"
"513","130","34131002542305","20170602","33","6281830","1","10.5","0","0","9/9/2017 02:24:25"
"514","130","34131002542305","20170602","33","5760233","2.258","12.42","0","0","9/9/2017 02:24:25"
"515","131","34131002542306","20170602","33","1130499","4","166.4","0","8.8","9/9/2017 02:24:25"
"516","131","34131002542306","20170602","33","1130499","4","0","166.4","8.8","9/9/2017 02:24:25"
"517","132","34131002542307","20170602","34","4530155","1","6.19","0","0.2","9/9/2017 02:24:25"
"518","132","34131002542307","20170602","34","1170014","6","19.2","0","0.6","9/9/2017 02:24:25"
"519","132","34131002542307","20170602","34","6610448","1","3.99","0","0.2","9/9/2017 02:24:25"
"520","132","34131002542307","20170602","34","6610517","1","2.99","0","0.2","9/9/2017 02:24:25"
"521","132","34131002542307","20170602","34","3111031","1","5.59","0","0.3","9/9/2017 02:24:25"
"522","133","34131002542308","20170602","34","6120650","1","10.68","0","0.57","9/9/2017 02:24:25"
"523","133","34131002542308","20170602","34","5621350","3","28.5","0","1.47","9/9/2017 02:24:25"
"524","133","34131002542308","20170602","34","6210475","1","18.5","0","0.9","9/9/2017 02:24:25"
"525","133","34131002542308","20170602","34","1520263","0.76","37.24","0","2.28","9/9/2017 02:24:25"
"526","133","34131002542308","20170602","34","5550041","1.128","10.74","0","0.4512","9/9/2017 02:24:25"
"527","134","34131002542309","20170602","34","5430067","12.83","25.4","0","2.3128","9/9/2017 02:24:25"
"528","134","34131002542309","20170602","34","5430067","12.215","24.19","0","2.1944","9/9/2017 02:24:25"
"529","135","34131002542310","20170602","34","6132447","1","18.1","0","0.6","9/9/2017 02:24:25"
"530","135","34131002542310","20170602","34","6281888","1","72.6","0","2.2","9/9/2017 02:24:25"
"531","135","34131002542310","20170602","34","6111655","1","10.7","0","0.5","9/9/2017 02:24:25"
"532","135","34131002542310","20170602","34","1250583","1","8.99","0","0","9/9/2017 02:24:25"
"533","135","34131002542310","20170602","34","1220051","1","5.9","0","0.05","9/9/2017 02:24:25"
"534","135","34131002542310","20170602","34","6790295","1","0.2","0","0","9/9/2017 02:24:25"
"535","136","34131002542311","20170602","33","6120366","1","3.69","0","0.17","9/9/2017 02:24:25"
"536","136","34131002542311","20170602","33","5411324","2.828","5.03","0","0.5694","9/9/2017 02:24:25"
"537","136","34131002542311","20170602","33","6111802","1","5.99","0","0.19","9/9/2017 02:24:25"
"538","136","34131002542311","20170602","33","6353145","1","77.8","0","4.1","9/9/2017 02:24:25"
"539","136","34131002542311","20170602","33","4120079","1","4.29","0","0.2","9/9/2017 02:24:25"
"540","136","34131002542311","20170602","33","5550041","1.85","17.61","0","0.742","9/9/2017 02:24:25"
"541","137","34131002542312","20170602","34","6610714","2","5.78","0","0.2","9/9/2017 02:24:25"
"542","137","34131002542312","20170602","34","5930261","0.168","12.4","0","0.6704","9/9/2017 02:24:25"
"543","137","34131002542312","20170602","34","5520101","0.868","58.85","0","1.7364","9/9/2017 02:24:25"
"544","138","34131002542313","20170602","33","6352357","1","48.9","0","0","9/9/2017 02:24:25"
"545","138","34131002542313","20170602","33","6280041","2","11.82","0","0","9/9/2017 02:24:25"
"546","139","34131002542314","20170602","33","7115633","1","58.8","0","3.1","9/9/2017 02:24:25"
"547","139","34131002542314","20170602","33","5550293","1","8.98","0","0.6","9/9/2017 02:24:25"
"548","139","34131002542314","20170602","33","6723318","1","4.09","0","0.2","9/9/2017 02:24:25"
"549","140","34131002542315","20170602","34","5140504","1","0.99","0","0.01","9/9/2017 02:24:25"
"550","140","34131002542315","20170602","34","5140502","1","2.25","0","0.04","9/9/2017 02:24:25"
"551","140","34131002542315","20170602","34","6640635","1","39.9","0","2","9/9/2017 02:24:25"
"552","140","34131002542315","20170602","34","6280868","1","34.76","0","1.83","9/9/2017 02:24:25"
"553","140","34131002542315","20170602","34","5550041","1.69","16.09","0","0.6748","9/9/2017 02:24:25"
"554","141","34131002542316","20170602","34","2230258","1","9.59","0","0.4","9/9/2017 02:24:25"
"555","141","34131002542316","20170602","34","6330526","1","7.99","0","0.4","9/9/2017 02:24:25"
"556","141","34131002542316","20170602","34","6732232","10","49.5","0","2.4","9/9/2017 02:24:25"
"557","141","34131002542316","20170602","34","6120366","1","3.69","0","0.17","9/9/2017 02:24:25"
"558","141","34131002542316","20170602","34","6210679","1","10.9","0","0.9","9/9/2017 02:24:25"
"559","141","34131002542316","20170602","34","6722768","1","4.89","0","0.26","9/9/2017 02:24:25"
"560","141","34131002542316","20170602","34","5150124","1","12.99","0","0.46","9/9/2017 02:24:25"
"561","141","34131002542316","20170602","34","4430069","1","65.9","0","1.9","9/9/2017 02:24:25"
"562","142","34131002542317","20170602","33","1910002","4","14.4","0","0","9/9/2017 02:24:25"
"563","143","34131002542318","20170602","33","5510107","1.034","40.33","0","10.336","9/9/2017 02:24:25"
"564","143","34131002542318","20170602","33","5531538","1.008","40.12","0","0.4016","9/9/2017 02:24:25"
"565","143","34131002542318","20170602","33","5531578","1.008","26.41","0","1.3906","9/9/2017 02:24:25"
"566","143","34131002542318","20170602","33","5660081","0.632","31.47","0","2.4052","9/9/2017 02:24:25"
"567","144","34131002542319","20170602","33","4310578","4","33.16","0","0","9/9/2017 02:24:25"
"568","144","34131002542319","20170602","33","6790295","1","0.2","0","0","9/9/2017 02:24:25"
"569","145","34131002542320","20170602","34","6620089","2","5.52","0","0","9/9/2017 02:24:25"
"570","146","34131002542321","20170602","33","7173925","1","129","0","6.5","9/9/2017 02:24:25"
"571","146","34131002542321","20170602","33","8545408","1","159","0","10","9/9/2017 02:24:25"
"572","147","34131002542322","20170602","34","3130248","1","14.2","0","0","9/9/2017 02:24:25"
"573","147","34131002542322","20170602","34","1520362","1","5.5","0","0","9/9/2017 02:24:25"
"574","147","34131002542322","20170602","34","3320355","1","1.64","0","0","9/9/2017 02:24:25"
"575","147","34131002542322","20170602","34","6220424","1","3.15","0","0","9/9/2017 02:24:25"
"576","147","34131002542322","20170602","34","1520065","1","23.55","0","0","9/9/2017 02:24:25"
"577","148","34131002542323","20170602","34","1720113","1","59.4","0","0.4","9/9/2017 02:24:25"
"578","148","34131002542323","20170602","34","6111309","1","23.9","0","0.7","9/9/2017 02:24:25"
"579","148","34131002542323","20170602","34","1320375","1","59","0","0","9/9/2017 02:24:25"
"580","148","34131002542323","20170602","34","6790295","1","0.2","0","0","9/9/2017 02:24:25"
"581","148","34131002542323","20170602","34","3150132","1","9.96","0","0.53","9/9/2017 02:24:25"
"582","148","34131002542323","20170602","34","3140003","1","19.5","0","0.9","9/9/2017 02:24:25"
"583","148","34131002542323","20170602","34","3310909","1","49.99","0","2.61","9/9/2017 02:24:25"
"584","148","34131002542323","20170602","34","3220641","1","41.09","0","0.2","9/9/2017 02:24:25"
"585","148","34131002542323","20170602","34","3220304","1","29.69","0","0.1","9/9/2017 02:24:25"
"586","148","34131002542323","20170602","34","3221003","1","35.53","0","1.87","9/9/2017 02:24:25"
"587","148","34131002542323","20170602","34","4360183","1","28.5","0","1.4","9/9/2017 02:24:25"
"588","148","34131002542323","20170602","34","6281166","1","27.9","0","1.39","9/9/2017 02:24:25"
"589","149","34131002542324","20170602","34","3130272","1","20.9","0","0","9/9/2017 02:24:25"
"590","149","34131002542324","20170602","34","3211153","1","4.99","0","0","9/9/2017 02:24:25"
"591","149","34131002542324","20170602","34","6790295","1","0.2","0","0","9/9/2017 02:24:25"
"592","149","34131002542324","20170602","34","1250583","1","8.99","0","0","9/9/2017 02:24:25"
"593","149","34131002542324","20170602","34","6272056","1","56.15","0","0","9/9/2017 02:24:25"
"594","149","34131002542324","20170602","34","6272513","1","10.5","0","0","9/9/2017 02:24:25"
"595","150","34131002542325","20170602","34","3311482","1","9.9","0","0.5","9/9/2017 02:24:25"
"596","150","34131002542325","20170602","34","3140329","2","5.32","0","0.28","9/9/2017 02:24:25"
"597","150","34131002542325","20170602","34","3340179","3","4.5","0","0.27","9/9/2017 02:24:25"
"598","150","34131002542325","20170602","34","1520263","0.212","10.39","0","0.634","9/9/2017 02:24:25"
"599","150","34131002542325","20170602","34","6790295","1","0.2","0","0","9/9/2017 02:24:25"
"600","150","34131002542325","20170602","34","1320426","1","7.68","0","0.28","9/9/2017 02:24:25"
"601","150","34131002542325","20170602","34","1750007","2","7","0","0","9/9/2017 02:24:25"
"602","150","34131002542325","20170602","34","3340180","1","1.5","0","0.09","9/9/2017 02:24:25"
"603","150","34131002542325","20170602","34","4340212","1","3.99","0","0.2","9/9/2017 02:24:25"
"604","150","34131002542325","20170602","34","1520264","0.34","12.89","0","0.676","9/9/2017 02:24:25"
"605","150","34131002542325","20170602","34","3210199","1","3.39","0","0.18","9/9/2017 02:24:25"
"606","151","34131002542326","20170602","33","9550511","1","66.9","0","2.1","9/9/2017 02:24:25"
"607","151","34131002542326","20170602","33","9131254","1","37.9","0","1.9","9/9/2017 02:24:25"
"608","152","34131002542327","20170602","33","3380719","0.688","18.42","0","0","9/9/2017 02:24:25"
"609","152","34131002542327","20170602","33","6230272","1","5.29","0","0","9/9/2017 02:24:25"
"610","152","34131002542327","20170602","33","6230125","1","10.8","0","0","9/9/2017 02:24:25"
"611","152","34131002542327","20170602","33","3330290","1","2.35","0","0","9/9/2017 02:24:25"
"612","152","34131002542327","20170602","33","6750927","1","3.67","0","0","9/9/2017 02:24:25"
"613","152","34131002542327","20170602","33","4240059","1","2.62","0","0","9/9/2017 02:24:25"
"614","153","34131002542328","20170602","34","5550041","1.366","13","0","0.5507","9/9/2017 02:24:25"
"615","153","34131002542328","20170602","34","5550166","0.642","20.53","0","1.2852","9/9/2017 02:24:25"
"616","154","34131002542329","20170602","33","5650058","1","3.95","0","0","9/9/2017 02:24:25"
"617","154","34131002542329","20170602","33","5650055","1","3.95","0","0","9/9/2017 02:24:25"
"618","154","34131002542329","20170602","33","3380501","0.502","26","0","0","9/9/2017 02:24:25"
"619","154","34131002542329","20170602","33","5650057","1","3.95","0","0","9/9/2017 02:24:25"
"620","154","34131002542329","20170602","33","3230591","0.326","36.84","0","0","9/9/2017 02:24:25"
"621","154","34131002542329","20170602","33","6210618","1","5.32","0","0","9/9/2017 02:24:25"
"622","154","34131002542329","20170602","33","1520263","0.282","14.66","0","0","9/9/2017 02:24:25"
"623","154","34131002542329","20170602","33","6790295","1","0.2","0","0","9/9/2017 02:24:25"
"624","154","34131002542329","20170602","33","1520219","0.234","9.06","0","0","9/9/2017 02:24:25"
"625","154","34131002542329","20170602","33","1230108","1","2.3","0","0","9/9/2017 02:24:25"
"626","154","34131002542329","20170602","33","6270503","1","4.29","0","0","9/9/2017 02:24:25"
"627","154","34131002542329","20170602","33","6120441","1","22.8","0","0","9/9/2017 02:24:25"
"628","154","34131002542329","20170602","33","3220792","1","7.49","0","0","9/9/2017 02:24:25"
"629","155","34131002542330","20170602","34","3341174","2","2.98","0","0","9/9/2017 02:24:25"
"630","155","34131002542330","20170602","34","6790295","1","0.2","0","0","9/9/2017 02:24:25"
"631","155","34131002542330","20170602","34","3341174","1","0","1.49","0","9/9/2017 02:24:25"
"632","156","34131002542331","20170602","34","1140037","9","10.71","0","0.63","9/9/2017 02:24:25"
"633","156","34131002542331","20170602","34","4210176","2","1.8","0","0.1","9/9/2017 02:24:25"
"634","156","34131002542331","20170602","34","5420764","0.21","2.44","0","0.0758","9/9/2017 02:24:25"
"635","156","34131002542331","20170602","34","5630060","0.194","6.98","0","0.7412","9/9/2017 02:24:25"
"636","156","34131002542331","20170602","34","5630057","0.142","4.77","0","0.2511","9/9/2017 02:24:25"
"637","156","34131002542331","20170602","34","5440216","0.454","4.89","0","0.0949","9/9/2017 02:24:25"
"638","156","34131002542331","20170602","34","5621350","4","38","0","1.96","9/9/2017 02:24:25"
"639","157","34131002542332","20170602","34","6721651","1","7.49","0","0","9/9/2017 02:24:25"
"640","157","34131002542332","20170602","34","6790295","1","0.2","0","0","9/9/2017 02:24:25"
"641","157","34131002542332","20170602","34","6722771","1","7.89","0","0","9/9/2017 02:24:25"
"642","157","34131002542332","20170602","34","5950001","1","7.5","0","0","9/9/2017 02:24:25"
"643","157","34131002542332","20170602","34","6620089","2","5.52","0","0","9/9/2017 02:24:25"
"644","157","34131002542332","20170602","34","6610235","1","10.89","0","0","9/9/2017 02:24:25"
"645","157","34131002542332","20170602","34","6722808","1","3.95","0","0","9/9/2017 02:24:25"
"646","157","34131002542332","20170602","34","5940262","1","5.99","0","0","9/9/2017 02:24:25"
"647","157","34131002542332","20170602","34","6722531","2","7.38","0","0","9/9/2017 02:24:25"
"648","157","34131002542332","20170602","34","4210055","1","9.49","0","0","9/9/2017 02:24:25"
"649","158","34131002542333","20170602","33","5230094","2","18.9","0","0","9/9/2017 02:24:25"
"650","159","34131002542334","20170602","34","9550507","1","19.3","0","0.6","9/9/2017 02:24:25"
"651","160","34131002542335","20170602","34","6610521","3","7.68","0","0.39","9/9/2017 02:24:25"
"652","160","34131002542335","20170602","34","6790295","1","0.2","0","0","9/9/2017 02:24:25"
"653","160","34131002542335","20170602","34","1770117","2","15.66","0","0.84","9/9/2017 02:24:25"
"654","160","34131002542335","20170602","34","6630626","1","7.59","0","0.2","9/9/2017 02:24:25"
"655","160","34131002542335","20170602","34","3340647","1","3.3","0","0.15","9/9/2017 02:24:25"
"656","160","34131002542335","20170602","34","3340542","2","6.6","0","0.3","9/9/2017 02:24:25"
"657","160","34131002542335","20170602","34","6220375","1","9.79","0","0.2","9/9/2017 02:24:25"
"658","160","34131002542335","20170602","34","7111861","1","18.3","0","1","9/9/2017 02:24:25"
"659","160","34131002542335","20170602","34","3211134","2","4.74","0","0.26","9/9/2017 02:24:25"
"660","160","34131002542335","20170602","34","1520013","3","20.37","0","1.2","9/9/2017 02:24:25"
"661","160","34131002542335","20170602","34","3211124","1","3.13","0","0.17","9/9/2017 02:24:25"
"662","160","34131002542335","20170602","34","3111172","6","8.22","0","0.48","9/9/2017 02:24:25"
"663","160","34131002542335","20170602","34","3111169","2","9.3","0","0.5","9/9/2017 02:24:25"
"664","160","34131002542335","20170602","34","3350397","1","4.84","0","0.26","9/9/2017 02:24:25"
"665","160","34131002542335","20170602","34","3350585","1","4.08","0","0.22","9/9/2017 02:24:25"
"666","160","34131002542335","20170602","34","8544983","1","139","0","10","9/9/2017 02:24:25"
"667","161","34131002542336","20170602","34","8510750","1","29.9","0","0","9/9/2017 02:24:25"
"668","162","34131002542337","20170602","33","5960048","1","29.9","0","1","9/9/2017 02:24:25"
"669","162","34131002542337","20170602","33","5930487","1","9.9","0","1","9/9/2017 02:24:25"
"670","162","34131002542337","20170602","33","2240574","1","31.2","0","1.6","9/9/2017 02:24:25"
"671","162","34131002542337","20170602","33","6111802","2","11.98","0","0.38","9/9/2017 02:24:25"
"672","162","34131002542337","20170602","33","6120600","1","11.5","0","0.4","9/9/2017 02:24:25"
"673","162","34131002542337","20170602","33","6111009","2","5.96","0","0.2","9/9/2017 02:24:25"
"674","162","34131002542337","20170602","33","3110573","1","34.2","0","1.8","9/9/2017 02:24:25"
"675","162","34131002542337","20170602","33","5411450","1.81","9.05","0","1.086","9/9/2017 02:24:25"
"676","162","34131002542337","20170602","33","5320844","1","35","0","3","9/9/2017 02:24:25"
"677","163","34131002542338","20170602","34","1250583","1","8.99","0","0","9/9/2017 02:24:25"
"678","164","34131002542339","20170602","33","6790295","1","0.2","0","0","9/9/2017 02:24:25"
"679","165","34131002542340","20170602","34","6352363","1","28.3","0","1.5","9/9/2017 02:24:25"
"680","165","34131002542340","20170602","34","1330068","1","72.1","0","3.8","9/9/2017 02:24:25"
"681","165","34131002542340","20170602","34","6790295","1","0.2","0","0","9/9/2017 02:24:25"
"682","166","34131002542341","20170602","33","5540236","0.802","14.42","0","0","9/9/2017 02:24:25"
"683","166","34131002542341","20170602","33","6770939","1","7.99","0","0","9/9/2017 02:24:25"
"684","166","34131002542341","20170602","33","2210712","1","5.99","0","0","9/9/2017 02:24:25"
"685","166","34131002542341","20170602","33","6790295","1","0.2","0","0","9/9/2017 02:24:25"
"686","167","34131002542342","20170602","34","5350311","1","9.9","0","0","9/9/2017 02:24:25"
"687","168","34131002542343","20170602","34","6750673","1","29.9","0","4.6","9/9/2017 02:24:25"
"688","169","34131002542344","20170602","34","6722733","1","6.16","0","0.33","9/9/2017 02:24:25"
"689","170","34131002542345","20170602","33","4110070","1","69.9","0","1","9/9/2017 02:24:25"
"690","171","34131002542346","20170602","33","4110183","1.786","9.97","0","0.2102","9/9/2017 02:24:25"
"691","172","34131002542347","20170602","33","6790295","1","0.2","0","0","9/9/2017 02:24:25"
"692","173","34131002542348","20170602","34","3380501","0.35","18.13","0","0","9/9/2017 02:24:25"
"693","173","34131002542348","20170602","34","1520264","0.644","25.7","0","0","9/9/2017 02:24:25"
"694","173","34131002542348","20170602","34","3230673","0.402","20.9","0","0","9/9/2017 02:24:25"
"695","173","34131002542348","20170602","34","1520263","0.58","30.16","0","0","9/9/2017 02:24:25"
"696","174","34131002542349","20170602","33","5110649","1","3","0","0","9/9/2017 02:24:25"
"697","174","34131002542349","20170602","33","3211077","2","3.98","0","0","9/9/2017 02:24:25"
"698","174","34131002542349","20170602","33","3210957","1","2","0","0","9/9/2017 02:24:25"
"699","174","34131002542349","20170602","33","3210744","1","0.52","0","0","9/9/2017 02:24:25"
"700","174","34131002542349","20170602","33","1320489","12","46.8","0","0","9/9/2017 02:24:25"
"701","174","34131002542349","20170602","33","1320397","1","60","0","0","9/9/2017 02:24:25"
"702","175","34131002542350","20170602","33","4160044","1","47.9","0","1","9/9/2017 02:24:25"
"703","175","34131002542350","20170602","33","5520104","1.312","93.94","0","2.6232","9/9/2017 02:24:25"
"704","175","34131002542350","20170602","33","5531646","1.016","21.34","0","0.6056","9/9/2017 02:24:25"
"705","176","34131002542351","20170602","33","6733403","1","6.99","0","0.4","9/9/2017 02:24:25"
"706","176","34131002542351","20170602","33","6733402","1","6.99","0","0.4","9/9/2017 02:24:25"
"707","177","34131002542352","20170602","33","5411324","1.294","2.3","0","0.2621","9/9/2017 02:24:25"
"708","177","34131002542352","20170602","33","5420440","1.082","25.1","0","0.8464","9/9/2017 02:24:25"
"709","177","34131002542352","20170602","33","5420426","0.264","4.75","0","0.266","9/9/2017 02:24:25"
"710","178","34131002542353","20170602","33","5440216","1.988","21.83","0","0","9/9/2017 02:24:25"
"711","178","34131002542353","20170602","33","5411334","2.722","8.71","0","0","9/9/2017 02:24:25"
"712","179","34131002542354","20170602","34","9620819","1","4.9","0","0","9/9/2017 02:24:25"
"713","180","34131002542355","20170602","34","4210055","1","8.99","0","0.5","9/9/2017 02:24:25"
"714","180","34131002542355","20170602","34","4220172","1","6.89","0","0.36","9/9/2017 02:24:25"
"715","180","34131002542355","20170602","34","5440191","1.004","7.79","0","0.2018","9/9/2017 02:24:25"
"716","180","34131002542355","20170602","34","5420425","0.24","1.44","0","0.096","9/9/2017 02:24:25"
"717","180","34131002542355","20170602","34","5430080","0.478","2.86","0","0.1992","9/9/2017 02:24:25"
"718","181","34131002542356","20170602","33","5450055","0.818","16.2","0","0.978","9/9/2017 02:24:25"
"719","182","34131002542357","20170602","34","6620295","1","22.9","0","0.6","9/9/2017 02:24:25"
"720","182","34131002542357","20170602","34","5550041","1.62","15.42","0","0.6504","9/9/2017 02:24:25"
"721","182","34131002542357","20170602","34","6210684","1","10.9","0","0.6","9/9/2017 02:24:25"
"722","182","34131002542357","20170602","34","4230262","1","9.99","0","0.51","9/9/2017 02:24:25"
"723","182","34131002542357","20170602","34","9213346","1","18","0","0","9/9/2017 02:24:25"
"724","183","34131002542358","20170602","33","4430082","1","59.9","0","1.9","9/9/2017 02:24:25"
"725","183","34131002542358","20170602","33","4160044","1","47.9","0","1","9/9/2017 02:24:25"
"726","183","34131002542358","20170602","33","6111476","1","22.9","0","0.9","9/9/2017 02:24:25"
"727","183","34131002542358","20170602","33","6310884","1","5.57","0","0.3","9/9/2017 02:24:25"
"728","183","34131002542358","20170602","33","6790295","2","0.4","0","0","9/9/2017 02:24:25"
"729","183","34131002542358","20170602","33","7210667","1","8.29","0","0.46","9/9/2017 02:24:25"
"730","183","34131002542358","20170602","33","7210629","1","15.6","0","0.8","9/9/2017 02:24:25"
"731","183","34131002542358","20170602","33","3160379","0.396","5.94","0","0.3168","9/9/2017 02:24:25"
"732","183","34131002542358","20170602","33","1520263","0.618","30.28","0","1.856","9/9/2017 02:24:25"
"733","183","34131002542358","20170602","33","1520264","0.878","33.28","0","1.7522","9/9/2017 02:24:25"
"734","183","34131002542358","20170602","33","1520219","0.828","30.47","0","1.5736","9/9/2017 02:24:25"
"735","183","34131002542358","20170602","33","4230262","1","9.99","0","0.51","9/9/2017 02:24:25"
"736","183","34131002542358","20170602","33","1210054","1","5.9","0","0.05","9/9/2017 02:24:25"
"737","183","34131002542358","20170602","33","1230100","1","5.9","0","0.05","9/9/2017 02:24:25"
"738","183","34131002542358","20170602","33","6160004","1","12.9","0","0.7","9/9/2017 02:24:25"
"739","183","34131002542358","20170602","33","6742527","1","17.9","0","1","9/9/2017 02:24:25"
"740","183","34131002542358","20170602","33","6732834","1","11.5","0","0.4","9/9/2017 02:24:25"
"741","183","34131002542358","20170602","33","1220051","1","5.9","0","0.05","9/9/2017 02:24:25"
"742","183","34131002542358","20170602","33","6220243","2","7.36","0","0.4","9/9/2017 02:24:25"
"743","183","34131002542358","20170602","33","6721651","1","7.11","0","0.38","9/9/2017 02:24:25"
"744","183","34131002542358","20170602","33","6733413","1","9.99","0","0.51","9/9/2017 02:24:25"
"745","183","34131002542358","20170602","33","6210413","1","14.6","0","0.2","9/9/2017 02:24:25"
"746","183","34131002542358","20170602","33","6281070","1","35.9","0","1.9","9/9/2017 02:24:25"
"747","183","34131002542358","20170602","33","6132446","1","13.9","0","0.9","9/9/2017 02:24:25"
"748","184","34131002542359","20170602","33","5550041","1.556","14.81","0","0.6255","9/9/2017 02:24:25"
"749","184","34131002542359","20170602","33","5531578","1.006","26.36","0","1.3855","9/9/2017 02:24:25"
"750","185","34131002542360","20170602","33","4430082","1","59.9","0","1.9","9/9/2017 02:24:25"
"751","186","34131002542361","20170602","33","5520104","0.452","32.36","0","0.9072","9/9/2017 02:24:25"
"752","186","34131002542361","20170602","33","3220683","2","20.1","0","0.08","9/9/2017 02:24:25"
"753","186","34131002542361","20170602","33","5650079","0.466","4.18","0","0.2936","9/9/2017 02:24:25"
"754","186","34131002542361","20170602","33","5650079","1.328","11.9","0","0.8488","9/9/2017 02:24:25"
"755","186","34131002542361","20170602","33","6790295","1","0.2","0","0","9/9/2017 02:24:25"
"756","186","34131002542361","20170602","33","3341015","1","5.69","0","0.3","9/9/2017 02:24:25"
"757","186","34131002542361","20170602","33","1750459","1","9.6","0","0","9/9/2017 02:24:25"
"758","186","34131002542361","20170602","33","4140345","1","9.6","0","0","9/9/2017 02:24:25"
"759","186","34131002542361","20170602","33","3210837","1","0.94","0","0.05","9/9/2017 02:24:25"
"760","186","34131002542361","20170602","33","5140489","1","7.97","0","0.42","9/9/2017 02:24:25"
"761","187","34131002542362","20170602","34","5950025","28","61.6","0","0","9/9/2017 02:24:25"
"762","188","34131002542363","20170602","33","7210598","1","17.7","0","0.9","9/9/2017 02:24:25"
"763","188","34131002542363","20170602","33","6610723","1","14.9","0","0.6","9/9/2017 02:24:25"
"764","188","34131002542363","20170602","33","5430066","0.92","5.15","0","0.3516","9/9/2017 02:24:25"
"765","188","34131002542363","20170602","33","5110598","1","4.8","0","0","9/9/2017 02:24:25"
"766","188","34131002542363","20170602","33","6723212","1","18.5","0","1.4","9/9/2017 02:24:25"
"767","188","34131002542363","20170602","33","1770117","1","7.83","0","0.42","9/9/2017 02:24:25"
"768","188","34131002542363","20170602","33","4210127","1","6.99","0","0.4","9/9/2017 02:24:25"
"769","188","34131002542363","20170602","33","2230101","1","24.5","0","0.4","9/9/2017 02:24:25"
"770","188","34131002542363","20170602","33","6220494","1","18.7","0","1.1","9/9/2017 02:24:25"
"771","188","34131002542363","20170602","33","6210684","1","10.9","0","0.6","9/9/2017 02:24:25"
"772","188","34131002542363","20170602","33","3150417","1","10.7","0","0.5","9/9/2017 02:24:25"
"773","188","34131002542363","20170602","33","3150364","1","16.04","0","0.85","9/9/2017 02:24:25"
"774","188","34131002542363","20170602","33","1520048","1","12.25","0","0.65","9/9/2017 02:24:25"
"775","189","34131002542364","20170602","34","5411315","1.03","3.3","0","0.408","9/9/2017 02:24:25"
"776","189","34131002542364","20170602","34","5550041","1.144","10.89","0","0.4585","9/9/2017 02:24:25"
"777","190","34131002542365","20170602","33","1170490","24","59.52","0","0","9/9/2017 02:24:25"
"778","190","34131002542365","20170602","33","5910860","0.5","4.59","0","0.4","9/9/2017 02:24:25"
"779","191","34131002542366","20170602","34","6712316","1","41.7","0","2.2","9/9/2017 02:24:25"
"780","192","34131002542367","20170602","33","5420661","0.782","4.68","0","0.3248","9/9/2017 02:24:25"
"781","192","34131002542367","20170602","33","5930412","0.896","39.07","0","3.042","9/9/2017 02:24:25"
"782","192","34131002542367","20170602","33","5430066","0.55","3.08","0","0.209","9/9/2017 02:24:25"
"783","193","34131002542368","20170602","34","7140139","3","9.36","0","0.51","9/9/2017 02:24:25"
"784","193","34131002542368","20170602","34","6111320","1","39.9","0","0","9/9/2017 02:24:25"
"785","193","34131002542368","20170602","34","9170763","1","8.75","0","0.47","9/9/2017 02:24:25"
"786","193","34131002542368","20170602","34","6790295","2","0.4","0","0","9/9/2017 02:24:25"
"787","193","34131002542368","20170602","34","3210664","1","8.06","0","0.43","9/9/2017 02:24:25"
"788","193","34131002542368","20170602","34","6610600","1","15.9","0","1","9/9/2017 02:24:25"
"789","193","34131002542368","20170602","34","6620231","1","21.9","0","1","9/9/2017 02:24:25"
"790","194","34131002542369","20170602","34","4170014","1","71.9","0","0","9/9/2017 02:24:25"
"791","195","34131002542370","20170602","33","4230262","2","19.98","0","1.02","9/9/2017 02:24:25"
"792","196","34131002542371","20170602","33","4310129","1","0.99","0","0.06","9/9/2017 02:24:25"
"793","196","34131002542371","20170602","33","5321459","0.472","9.05","0","0.3806","9/9/2017 02:24:25"
"794","196","34131002542371","20170602","33","5410369","0.544","3.04","0","0.2131","9/9/2017 02:24:25"
"795","197","34131002542372","20170602","33","5950162","3","11.7","0","1.2","9/9/2017 02:24:25"
"796","197","34131002542372","20170602","33","5131006","3","43.8","0","0.9","9/9/2017 02:24:25"
"797","198","34131002542373","20170602","33","5410610","0.942","7.91","0","0","9/9/2017 02:24:25"
"798","198","34131002542373","20170602","33","5320770","1.036","9.1","0","0","9/9/2017 02:24:25"
"799","199","34131002542374","20170602","34","7210696","2","19.6","0","1.2","9/9/2017 02:24:25"
"800","199","34131002542374","20170602","34","6111745","1","12.99","0","0.5","9/9/2017 02:24:25"
"801","199","34131002542374","20170602","34","6260909","1","26.5","0","1.4","9/9/2017 02:24:25"
"802","199","34131002542374","20170602","34","6111508","1","6.99","0","0.2","9/9/2017 02:24:25"
"803","199","34131002542374","20170602","34","6272516","1","31.9","0","1","9/9/2017 02:24:25"
"804","199","34131002542374","20170602","34","6790295","1","0.2","0","0","9/9/2017 02:24:25"
"805","200","34131002542375","20170602","33","6733511","1","6.9","0","0","9/9/2017 02:24:25"
"806","200","34131002542375","20170602","33","6765169","1","9.89","0","0","9/9/2017 02:24:25"
"807","201","34131002542376","20170602","33","5930261","0.16","11.81","0","0.638","9/9/2017 02:24:25"
"808","202","34131002542377","20170602","33","4430082","23","1377.7","0","43.7","9/9/2017 02:24:25"
"809","203","34131002542378","20170602","34","6220304","1","10.6","0","0","9/9/2017 02:24:25"
"810","203","34131002542378","20170602","34","2240556","1","12.5","0","0","9/9/2017 02:24:25"
"811","203","34131002542378","20170602","34","1350262","1","15.9","0","0","9/9/2017 02:24:25"
"812","203","34131002542378","20170602","34","9213340","1","12","0","0","9/9/2017 02:24:25"
"813","203","34131002542378","20170602","34","9213338","1","10","0","0","9/9/2017 02:24:25"
"814","203","34131002542378","20170602","34","6790295","1","0.2","0","0","9/9/2017 02:24:25"
"815","204","34131002542379","20170602","33","4140430","1","2.77","0","0","9/9/2017 02:24:25"
"816","204","34131002542379","20170602","33","4340387","1","7.78","0","0","9/9/2017 02:24:25"
"817","204","34131002542379","20170602","33","1770118","1","11.99","0","0","9/9/2017 02:24:25"
"818","204","34131002542379","20170602","33","4140230","1","3.05","0","0","9/9/2017 02:24:25"
"819","204","34131002542379","20170602","33","4140235","1","2.49","0","0","9/9/2017 02:24:25"
"820","205","34131002542380","20170602","33","6770883","1","19.9","0","1","9/9/2017 02:24:25"
"821","206","34131002542381","20170602","33","5531575","0.66","10.02","0","0.5268","9/9/2017 02:24:25"
"822","206","34131002542381","20170602","33","3211234","1","5.2","0","0.3","9/9/2017 02:24:25"
"823","206","34131002542381","20170602","33","3210936","1","4.3","0","0.19","9/9/2017 02:24:25"
"824","206","34131002542381","20170602","33","6790295","1","0.2","0","0","9/9/2017 02:24:25"
"825","206","34131002542381","20170602","33","6742725","1","12.9","0","1","9/9/2017 02:24:25"
"826","206","34131002542381","20170602","33","6733131","1","9.89","0","0.61","9/9/2017 02:24:25"
"827","206","34131002542381","20170602","33","6733464","2","13.98","0","0.8","9/9/2017 02:24:25"
"828","206","34131002542381","20170602","33","6733462","10","69.9","0","4","9/9/2017 02:24:25"
"829","206","34131002542381","20170602","33","6732697","8","65.52","0","3.68","9/9/2017 02:24:25"
"830","206","34131002542381","20170602","33","6630301","1","6.35","0","0.34","9/9/2017 02:24:25"
"831","206","34131002542381","20170602","33","7280688","1","9.49","0","0.5","9/9/2017 02:24:25"
"832","206","34131002542381","20170602","33","7280843","1","11.5","0","0.7","9/9/2017 02:24:25"
"833","206","34131002542381","20170602","33","8545342","1","59.9","0","4","9/9/2017 02:24:25"
"834","206","34131002542381","20170602","33","7280862","1","15.1","0","0.8","9/9/2017 02:24:25"
"835","206","34131002542381","20170602","33","8693142","1","75.9","0","4","9/9/2017 02:24:25"
"836","207","34131002542382","20170602","34","5130977","1","3.59","0","0","9/9/2017 02:24:25"
"837","208","34131002542383","20170602","33","1210054","6","35.7","0","0","9/9/2017 02:24:25"
"838","209","34131002542384","20170602","33","5550041","2.5","23.8","0","1","9/9/2017 02:24:25"
"839","209","34131002542384","20170602","33","5550041","2.846","27.09","0","1.1423","9/9/2017 02:24:25"
"840","210","34131002542385","20170602","33","3340669","1","5.59","0","0","9/9/2017 02:24:25"
"841","210","34131002542385","20170602","33","3341062","1","5.75","0","0","9/9/2017 02:24:25"
"842","211","34131002542386","20170602","33","5131006","1","14.6","0","0.3","9/9/2017 02:24:25"
"843","211","34131002542386","20170602","33","4350123","1","19.9","0","1","9/9/2017 02:24:25"
"844","212","34131002542387","20170602","33","5531549","0.826","17.84","0","1.1415","9/9/2017 02:24:25"
"845","212","34131002542387","20170602","33","5650079","0.686","6.15","0","0.4356","9/9/2017 02:24:25"
"846","212","34131002542387","20170602","33","5410479","1.166","5.57","0","0.4699","9/9/2017 02:24:25"
"847","212","34131002542387","20170602","33","6220049","2","5.98","0","0.32","9/9/2017 02:24:25"
"848","212","34131002542387","20170602","33","2220146","1","27.5","0","1.4","9/9/2017 02:24:25"
"849","212","34131002542387","20170602","33","3310840","2","15.98","0","0.82","9/9/2017 02:24:25"
"850","213","34131002542388","20170602","33","5550041","2.938","27.97","0","1.175","9/9/2017 02:24:25"
"851","213","34131002542388","20170602","33","5670611","1.63","19.17","0","0.3248","9/9/2017 02:24:25"
"852","214","34131002542389","20170602","33","6732232","10","49.5","0","2.4","9/9/2017 02:24:25"
"853","214","34131002542389","20170602","33","9620986","1","147","0","8","9/9/2017 02:24:25"
"854","215","34131002542390","20170602","33","6220466","1","8.79","0","0.5","9/9/2017 02:24:25"
"855","215","34131002542390","20170602","33","6220438","1","12.99","0","0.61","9/9/2017 02:24:25"
"856","215","34131002542390","20170602","33","5410606","1.12","12.32","0","0.2016","9/9/2017 02:24:25"
"857","215","34131002542390","20170602","33","7116175","1","84","0","4","9/9/2017 02:24:25"
"858","216","34131002542391","20170602","34","2150042","2","233.8","0","2","9/9/2017 02:24:25"
"859","217","34131002542392","20170602","34","5550041","4.922","46.86","0","1.9662","9/9/2017 02:24:25"
"860","217","34131002542392","20170602","34","5550041","4.61","43.89","0","1.8412","9/9/2017 02:24:25"
"861","218","34131002542393","20170602","33","3380501","0.61","31.6","0","0","9/9/2017 02:24:25"
"862","219","34131002542394","20170602","34","5550041","1.122","10.68","0","0.4502","9/9/2017 02:24:25"
"863","219","34131002542394","20170602","34","5660081","0.718","35.76","0","2.7248","9/9/2017 02:24:25"
"864","220","34131002542395","20170602","34","1220108","1","10.5","0","0.1","9/9/2017 02:24:25"
"865","220","34131002542395","20170602","34","4210302","1","17","0","0.9","9/9/2017 02:24:25"
"866","220","34131002542395","20170602","34","4210255","1","3.48","0","0.19","9/9/2017 02:24:25"
"867","220","34131002542395","20170602","34","5930261","0.202","14.91","0","0.8056","9/9/2017 02:24:25"
"868","220","34131002542395","20170602","34","4220243","1","12.11","0","0.64","9/9/2017 02:24:25"
"869","220","34131002542395","20170602","34","6790295","1","0.2","0","0","9/9/2017 02:24:25"
"870","220","34131002542395","20170602","34","5550041","1.442","13.73","0","0.5746","9/9/2017 02:24:25"
"871","220","34131002542395","20170602","34","5650079","0.858","7.69","0","0.5468","9/9/2017 02:24:25"
"872","220","34131002542395","20170602","34","5430066","0.628","3.52","0","0.2354","9/9/2017 02:24:25"
"873","221","34131002542396","20170602","34","5131006","1","14.9","0","0","9/9/2017 02:24:25"
"874","221","34131002542396","20170602","34","5150200","2","13.78","0","0","9/9/2017 02:24:25"
"875","221","34131002542396","20170602","34","6790295","1","0.2","0","0","9/9/2017 02:24:25"
"876","222","34131002542397","20170602","34","4160044","1","47.9","0","1","9/9/2017 02:24:25"
"877","223","34131002542398","20170602","34","4110174","25","119.5","0","5","9/9/2017 02:24:25"
"878","224","34131002542399","20170602","33","6261076","1","19.5","0","0","9/9/2017 02:24:25"
"879","224","34131002542399","20170602","33","6272217","1","19.9","0","0","9/9/2017 02:24:25"
"880","225","34131002542400","20170602","34","4210042","1","6.57","0","0.35","9/9/2017 02:24:25"
"881","225","34131002542400","20170602","34","5550041","1.402","13.35","0","0.5578","9/9/2017 02:24:25"
"882","225","34131002542400","20170602","34","6790295","1","0.2","0","0","9/9/2017 02:24:25"
"883","225","34131002542400","20170602","34","4140189","1","11.5","0","0.3","9/9/2017 02:24:25"
"884","226","34131002542401","20170602","33","4220173","1","14.6","0","0","9/9/2017 02:24:25"
"885","227","34131002542402","20170602","33","9214596","1","163","15","10","9/9/2017 02:24:25"
"886","228","34131002542403","20170602","33","3310447","1","12.25","0","0.65","9/9/2017 02:24:25"
"887","228","34131002542403","20170602","33","4210133","1","9.35","0","0.5","9/9/2017 02:24:25"
"888","228","34131002542403","20170602","33","1740348","1","4.44","0","0.24","9/9/2017 02:24:25"
"889","228","34131002542403","20170602","33","5430078","0.688","3.85","0","0.2642","9/9/2017 02:24:25"
"890","228","34131002542403","20170602","33","6790295","1","0.2","0","0","9/9/2017 02:24:25"
"891","228","34131002542403","20170602","33","5430061","0.664","3.97","0","0.2796","9/9/2017 02:24:25"
"892","228","34131002542403","20170602","33","5531575","1.024","15.54","0","0.8235","9/9/2017 02:24:25"
"893","228","34131002542403","20170602","33","5430062","0.282","3.1","0","0.1712","9/9/2017 02:24:25"
"894","229","34131002542404","20170602","34","1740141","3","24.75","0","1.32","9/9/2017 02:24:25"
"895","229","34131002542404","20170602","34","4110183","4.014","22.4","0","0.4817","9/9/2017 02:24:25"
"896","230","34131002542405","20170602","34","1170490","48","119.04","0","0","9/9/2017 02:24:25"
"897","230","34131002542405","20170602","34","3110877","1","16.43","0","0.87","9/9/2017 02:24:25"
"898","230","34131002542405","20170602","34","6120352","9","26.01","0","0.9","9/9/2017 02:24:25"
"899","230","34131002542405","20170602","34","6790295","1","0.2","0","0","9/9/2017 02:24:25"
"900","230","34131002542405","20170602","34","4310379","1","5.21","0","0.28","9/9/2017 02:24:25"
"901","230","34131002542405","20170602","34","6280316","2","19.96","0","0.24","9/9/2017 02:24:25"
"902","230","34131002542405","20170602","34","6131584","1","5.42","0","0.17","9/9/2017 02:24:25"
"903","230","34131002542405","20170602","34","6111476","1","22.9","0","0.9","9/9/2017 02:24:25"
"904","230","34131002542405","20170602","34","6722533","1","1.39","0","0.2","9/9/2017 02:24:25"
"905","230","34131002542405","20170602","34","6722991","2","7.18","0","0.8","9/9/2017 02:24:25"
"906","230","34131002542405","20170602","34","6721328","1","8","0","0","9/9/2017 02:24:25"
"907","231","34131002542406","20170602","34","5650055","2","7.9","0","0","9/9/2017 02:24:25"
"908","232","34131002542407","20170602","34","6281390","1","16.1","0","0.6","9/9/2017 02:24:25"
"909","232","34131002542407","20170602","34","6742542","1","39.9","0","3","9/9/2017 02:24:25"
"910","232","34131002542407","20170602","34","6160498","1","24.9","0","0.7","9/9/2017 02:24:25"
"911","232","34131002542407","20170602","34","6721328","1","8","0","0","9/9/2017 02:24:25"
"912","233","34131002542408","20170602","34","9142571","1","74.9","0","4","9/9/2017 02:24:25"
"913","234","34131002542409","20170602","33","6742527","1","18.9","0","0","9/9/2017 02:24:25"
"914","234","34131002542409","20170602","33","6280868","1","36.59","0","0","9/9/2017 02:24:25"
"915","234","34131002542409","20170602","33","6281282","1","32.9","0","0","9/9/2017 02:24:25"
"916","234","34131002542409","20170602","33","6160572","1","4.99","0","0","9/9/2017 02:24:25"
"917","234","34131002542409","20170602","33","6282052","1","12.5","0","0","9/9/2017 02:24:25"
"918","234","34131002542409","20170602","33","6790295","1","0.2","0","0","9/9/2017 02:24:25"
"919","235","34131002542410","20170602","34","9640254","4","119.2","0","0","9/9/2017 02:24:25"
"920","236","34131002542411","20170602","33","5540290","0.934","11.75","0","0.3733","9/9/2017 02:24:25"
"921","236","34131002542411","20170602","33","5550041","1.54","14.66","0","0.6168","9/9/2017 02:24:25"
"922","236","34131002542411","20170602","33","5310185","1.006","17.71","0","0.398","9/9/2017 02:24:25"
"923","236","34131002542411","20170602","33","5630779","1.262","17.64","0","0.76","9/9/2017 02:24:25"
"924","237","34131002542412","20170602","34","5720376","1","66.9","0","0","9/9/2017 02:24:25"
"925","238","34131002542413","20170602","34","5550041","0.97","9.23","0","0.3924","9/9/2017 02:24:25"
"926","238","34131002542413","20170602","34","4230047","2.224","14.9","0","0.1787","9/9/2017 02:24:25"
"927","238","34131002542413","20170602","34","5920302","0.41","6.46","0","0.0836","9/9/2017 02:24:25"
"928","238","34131002542413","20170602","34","5920220","0.564","7.42","0","0.2504","9/9/2017 02:24:25"
"929","238","34131002542413","20170602","34","5960048","1","29.9","0","1","9/9/2017 02:24:25"
"930","238","34131002542413","20170602","34","1140037","2","2.38","0","0.14","9/9/2017 02:24:25"
"931","238","34131002542413","20170602","34","4210025","1","2.65","0","0.14","9/9/2017 02:24:25"
"932","239","34131002542414","20170602","33","3311101","1","29.9","0","2","9/9/2017 02:24:25"
"933","239","34131002542414","20170602","33","6111802","2","11.98","0","0.38","9/9/2017 02:24:25"
"934","239","34131002542414","20170602","33","5660081","0.412","20.52","0","1.5632","9/9/2017 02:24:25"
"935","240","34131002542415","20170602","33","5781323","1","6.9","0","0.4","9/9/2017 02:24:25"
"936","241","34131002542416","20170602","34","5550041","2.5","24.8","0","0","9/9/2017 02:24:25"
"937","242","34131002542417","20170602","33","1170954","1","7.95","0","0","9/9/2017 02:24:25"
"938","242","34131002542417","20170602","33","6631551","1","10.2","0","0","9/9/2017 02:24:25"
"939","242","34131002542417","20170602","33","6790295","1","0.2","0","0","9/9/2017 02:24:25"
"940","242","34131002542417","20170602","33","6330573","1","2.39","0","0","9/9/2017 02:24:25"
"941","243","34131002542418","20170602","34","5820503","1","7.9","0","0.6","9/9/2017 02:24:25"
"942","244","34131002542419","20170602","33","6742526","1","17.9","0","1","9/9/2017 02:24:25"
"943","244","34131002542419","20170602","33","6111321","1","39.9","0","0","9/9/2017 02:24:25"
"944","244","34131002542419","20170602","33","6111802","5","29.95","0","0.95","9/9/2017 02:24:25"
"945","245","34131002542420","20170602","34","5421177","0.512","3.06","0","0.2168","9/9/2017 02:24:25"
"946","245","34131002542420","20170602","34","5430078","0.612","3.43","0","0.2298","9/9/2017 02:24:25"
"947","245","34131002542420","20170602","34","5540246","0.592","9.46","0","0.237","9/9/2017 02:24:25"
"948","245","34131002542420","20170602","34","5550041","1.884","17.94","0","0.7493","9/9/2017 02:24:25"
"949","246","34131002542421","20170602","34","5650078","0.944","43.05","0","1.8844","9/9/2017 02:24:25"
"950","247","34131002542422","20170602","34","6120603","1","11.9","0","0","9/9/2017 02:24:25"
"951","247","34131002542422","20170602","34","2240557","1","19.1","0","0","9/9/2017 02:24:25"
"952","248","34131002542423","20170602","33","6630506","1","26.9","0","0.6","9/9/2017 02:24:25"
"953","248","34131002542423","20170602","33","6790295","1","0.2","0","0","9/9/2017 02:24:25"
"954","248","34131002542423","20170602","33","6631556","1","5.36","0","0.22","9/9/2017 02:24:25"
"955","248","34131002542423","20170602","33","6160575","1","8.19","0","0.26","9/9/2017 02:24:25"
"956","248","34131002542423","20170602","33","3310446","1","13.2","0","0.7","9/9/2017 02:24:25"
"957","248","34131002542423","20170602","33","7151957","1","37.9","0","2","9/9/2017 02:24:25"
"958","248","34131002542423","20170602","33","3310447","1","12.25","0","0.65","9/9/2017 02:24:25"
"959","248","34131002542423","20170602","33","1520065","2","44.74","0","2.36","9/9/2017 02:24:25"
"960","248","34131002542423","20170602","33","6760050","1","8.14","0","0.25","9/9/2017 02:24:25"
"961","248","34131002542423","20170602","33","6280866","1","18.42","0","0.97","9/9/2017 02:24:25"
"962","249","34131002542424","20170602","34","5613232","0.798","29.53","0","0","9/9/2017 02:24:25"
"963","249","34131002542424","20170602","34","5540246","0.82","13.43","0","0","9/9/2017 02:24:25"
"964","249","34131002542424","20170602","34","5550041","0.404","4.01","0","0","9/9/2017 02:24:25"
"965","249","34131002542424","20170602","34","5130811","1","4.5","0","0","9/9/2017 02:24:25"
"966","250","34131002542425","20170602","33","5440051","0.332","3.98","0","0.1966","9/9/2017 02:24:25"
"967","251","34131002542426","20170602","34","6631227","1","8.04","0","0","9/9/2017 02:24:25"
"968","252","34131002542427","20170602","33","3311351","1","119.9","0","6.4","9/9/2017 02:24:25"
"969","252","34131002542427","20170602","33","2150050","1","108","0","0","9/9/2017 02:24:25"
"970","253","34131002542428","20170602","33","5660589","0.222","17.23","0","0.4856","9/9/2017 02:24:25"
"971","253","34131002542428","20170602","33","5920222","0.268","3.75","0","0.3129","9/9/2017 02:24:25"
"972","254","34131002542429","20170602","34","5630045","1.804","71.8","0","7.5399","9/9/2017 02:24:25"
"973","254","34131002542429","20170602","34","4210247","1","22.25","0","0.54","9/9/2017 02:24:25"
"974","255","34131002542430","20170602","34","5950164","1","11.19","0","0.61","9/9/2017 02:24:25"
"975","255","34131002542430","20170602","34","6282005","1","11.3","0","0.4","9/9/2017 02:24:25"
"976","256","34131002542431","20170602","33","4160044","1","47.9","0","1","9/9/2017 02:24:25"
"977","257","34131002542432","20170602","34","6111775","1","19.9","0","0.6","9/9/2017 02:24:25"
"978","258","34131002542433","20170602","33","1750007","12","35","7","0","9/9/2017 02:24:25"
"979","259","34131002542434","20170602","34","3210799","1","10.24","0","0","9/9/2017 02:24:25"
"980","260","34131002542435","20170602","33","5110571","1","12.79","0","0","9/9/2017 02:24:25"
"981","261","34131002542436","20170602","33","6272527","1","17.95","0","0.95","9/9/2017 02:24:25"
"982","262","34131002542437","20170602","33","5550041","2.552","25.32","0","0","9/9/2017 02:24:25"
"983","262","34131002542437","20170602","33","5550041","2.41","23.91","0","0","9/9/2017 02:24:25"
"984","263","34131002542438","20170602","34","3340630","1","2.99","0","0.16","9/9/2017 02:24:25"
"985","263","34131002542438","20170602","34","3320207","1","7.79","0","0.41","9/9/2017 02:24:25"
"986","263","34131002542438","20170602","34","1560146","1","1.57","0","0.1","9/9/2017 02:24:25"
"987","263","34131002542438","20170602","34","5411324","1.252","2.23","0","0.249","9/9/2017 02:24:25"
"988","263","34131002542438","20170602","34","5930412","0.376","16.39","0","1.282","9/9/2017 02:24:25"
"989","263","34131002542438","20170602","34","5411334","1.324","3.97","0","0.2668","9/9/2017 02:24:25"
"990","264","34131002542439","20170602","33","6610382","1","13.9","0","0","9/9/2017 02:24:25"
"991","264","34131002542439","20170602","33","5611847","1.488","28.27","0","0","9/9/2017 02:24:25"
"992","265","34131002542440","20170602","34","5450051","0.314","5.97","0","0","9/9/2017 02:24:25"
"993","265","34131002542440","20170602","34","3160379","0.332","5.25","0","0","9/9/2017 02:24:25"
"994","265","34131002542440","20170602","34","5660591","0.202","28.24","0","0","9/9/2017 02:24:25"
"995","266","34131002542441","20170602","34","5550041","2.692","25.63","0","1.0746","9/9/2017 02:24:25"
"996","266","34131002542441","20170602","34","1740229","2","27.8","0","0","9/9/2017 02:24:25"
"997","266","34131002542441","20170602","34","4340212","2","7.98","0","0.4","9/9/2017 02:24:25"
"998","267","34131002542442","20170602","34","5660594","0.478","44.45","0","0","9/9/2017 02:24:25"
"999","268","34131002542443","20170602","33","6790295","5","1","0","0","9/9/2017 02:24:25"
"1000","269","34131002542444","20170602","34","4230047","4.228","28.33","0","0.3358","9/9/2017 02:24:25"
