"salesID","salesNo","dimDateID","dimShopID","dimMemberID","QTY","AMT","pAMT","mpAMT","updateTime"
"1","34131002542176","20170602","33","4821","1","7.99","0","0.21","9/9/2017 02:24:16"
"2","34131002542177","20170602","34","1730","1","227","0","12","9/9/2017 02:24:16"
"3","34131002542178","20170602","33","513","5.046","75.64","0","3.022","9/9/2017 02:24:16"
"4","34131002542179","20170602","34","4624","1.422","40.82","0","2.6992","9/9/2017 02:24:16"
"5","34131002542180","20170602","34","6348","17","208.6","0","9.21","9/9/2017 02:24:16"
"6","34131002542181","20170602","34","4966","7.49","36.23","0","1.34","9/9/2017 02:24:16"
"7","34131002542182","20170602","34","6452","15.316","40.68","0","2.2669","9/9/2017 02:24:16"
"8","34131002542183","20170602","34","168","12","144.88","0","6.64","9/9/2017 02:24:16"
"9","34131002542184","20170602","33","2153","0.546","19.66","0","2.0708","9/9/2017 02:24:16"
"10","34131002542185","20170602","33","0","3.954","17.04","0","0","9/9/2017 02:24:16"
"11","34131002542186","20170602","34","0","2","6.27","0","0","9/9/2017 02:24:16"
"12","34131002542187","20170602","34","7452","4.318","95.74","29.9","8.2048","9/9/2017 02:24:16"
"13","34131002542188","20170602","34","0","4","36.94","0","0","9/9/2017 02:24:16"
"14","34131002542189","20170602","33","0","3","10.47","0","0","9/9/2017 02:24:16"
"15","34131002542190","20170602","34","2824","1","139","0","10","9/9/2017 02:24:16"
"16","34131002542191","20170602","34","7940","4.456","45.18","0","0.8475","9/9/2017 02:24:16"
"17","34131002542192","20170602","34","6682","4.784","41.65","0","2.3518","9/9/2017 02:24:16"
"18","34131002542193","20170602","34","5510","0.316","9.04","0","0.3136","9/9/2017 02:24:16"
"19","34131002542194","20170602","34","0","6","143.4","0","0","9/9/2017 02:24:16"
"20","34131002542195","20170602","33","6937","1.238","12","0","0.6436","9/9/2017 02:24:16"
"21","34131002542196","20170602","33","637","2.302","31.24","0","1.4726","9/9/2017 02:24:16"
"22","34131002542197","20170602","33","6301","3.734","20.97","0","1.6165","9/9/2017 02:24:16"
"23","34131002542198","20170602","33","7255","2","3.97","0","0.21","9/9/2017 02:24:16"
"24","34131002542199","20170602","34","3546","2.396","34.77","0","1.844","9/9/2017 02:24:16"
"25","34131002542200","20170602","34","2696","6.468","26.33","0","1.0478","9/9/2017 02:24:16"
"26","34131002542201","20170602","33","0","4","20.67","0","0","9/9/2017 02:24:16"
"27","34131002542202","20170602","34","6250","3","113","0","1.9","9/9/2017 02:24:16"
"28","34131002542203","20170602","34","3712","3.86","28.38","0","1.4454","9/9/2017 02:24:16"
"29","34131002542204","20170602","34","3932","7","37.04","0","1.91","9/9/2017 02:24:16"
"30","34131002542205","20170602","33","9277","11.488","108.86","0","6.759","9/9/2017 02:24:16"
"31","34131002542206","20170602","34","0","0.546","6.83","0","0","9/9/2017 02:24:16"
"32","34131002542207","20170602","33","0","11.29","97.02","0","0","9/9/2017 02:24:16"
"33","34131002542208","20170602","33","4117","4.686","58.12","0","3.9096","9/9/2017 02:24:16"
"34","34131002542209","20170602","34","3996","4.41","39.94","0","1.1672","9/9/2017 02:24:16"
"35","34131002542210","20170602","34","0","1","0.2","0","0","9/9/2017 02:24:16"
"36","34131002542211","20170602","33","0","20","978","0","0","9/9/2017 02:24:16"
"37","34131002542212","20170602","33","3077","2.582","15.97","0","0.8264","9/9/2017 02:24:16"
"38","34131002542213","20170602","33","3783","2.974","47.11","0","1.8507","9/9/2017 02:24:16"
"39","34131002542214","20170602","34","0","2","13.79","0","0","9/9/2017 02:24:16"
"40","34131002542215","20170602","33","5459","4.344","36.74","0","1.301","9/9/2017 02:24:16"
"41","34131002542216","20170602","33","4975","12.014","95.9","0","5.7715","9/9/2017 02:24:16"
"42","34131002542217","20170602","34","6706","1","16.9","0","1","9/9/2017 02:24:16"
"43","34131002542218","20170602","34","10026","2","113.8","0","4","9/9/2017 02:24:16"
"44","34131002542219","20170602","33","10045","4.288","54.78","0","3.1844","9/9/2017 02:24:16"
"45","34131002542220","20170602","34","7328","5","19.95","0","1","9/9/2017 02:24:16"
"46","34131002542221","20170602","33","0","3.23","32.04","0","0","9/9/2017 02:24:16"
"47","34131002542222","20170602","34","7808","3.656","58.65","0","1.1644","9/9/2017 02:24:16"
"48","34131002542223","20170602","33","0","4.138","32.8","0","0","9/9/2017 02:24:16"
"49","34131002542224","20170602","33","7507","1.468","21.66","0","0.6509","9/9/2017 02:24:16"
"50","34131002542225","20170602","34","410","1","3.79","0","0.2","9/9/2017 02:24:16"
"51","34131002542226","20170602","33","3539","12","159.66","0","7.24","9/9/2017 02:24:16"
"52","34131002542227","20170602","33","7529","2.03","24.38","0","0.9209","9/9/2017 02:24:16"
"53","34131002542228","20170602","33","4117","1","289","0","16","9/9/2017 02:24:16"
"54","34131002542229","20170602","34","2824","1","79.9","0","5","9/9/2017 02:24:16"
"55","34131002542230","20170602","34","0","1","88.9","0","0","9/9/2017 02:24:16"
"56","34131002542231","20170602","33","6339","4.214","38.37","0","1.1518","9/9/2017 02:24:16"
"57","34131002542232","20170602","34","7370","11","154.68","14.212","8.69","9/9/2017 02:24:16"
"58","34131002542233","20170602","33","2371","5","339.08","14.212","18.1","9/9/2017 02:24:16"
"59","34131002542234","20170602","33","5643","14","92.95","0","4.99","9/9/2017 02:24:16"
"60","34131002542235","20170602","34","5482","5","137.67","0","6.87","9/9/2017 02:24:16"
"61","34131002542236","20170602","34","156","1.404","22.51","0","0.8586","9/9/2017 02:24:16"
"62","34131002542237","20170602","34","6862","4","49.78","0","2.58","9/9/2017 02:24:16"
"63","34131002542238","20170602","33","7201","4.026","118.09","0","2.3607","9/9/2017 02:24:16"
"64","34131002542239","20170602","34","6984","0.586","30.24","0","3.5136","9/9/2017 02:24:16"
"65","34131002542240","20170602","33","7201","1","0.2","0","0","9/9/2017 02:24:16"
"66","34131002542241","20170602","33","3499","7.358","149.64","0","6.4665","9/9/2017 02:24:16"
"67","34131002542242","20170602","34","0","0.952","9.05","0","0","9/9/2017 02:24:16"
"68","34131002542243","20170602","34","5810","15.138","92.09","0","3.8477","9/9/2017 02:24:16"
"69","34131002542244","20170602","33","3749","7","97.39","0","4.65","9/9/2017 02:24:16"
"70","34131002542245","20170602","33","9195","4.58","60.14","0","4.0099","9/9/2017 02:24:16"
"71","34131002542246","20170602","34","8324","8.182","122.1","16.15","5.128","9/9/2017 02:24:16"
"72","34131002542247","20170602","33","4667","6.714","67.73","0","3.5276","9/9/2017 02:24:16"
"73","34131002542248","20170602","33","3489","11.26","162.59","0","10.2834","9/9/2017 02:24:16"
"74","34131002542249","20170602","34","2796","4.272","69.86","0","2.2366","9/9/2017 02:24:16"
"75","34131002542250","20170602","33","3011","2","32.4","0","1.05","9/9/2017 02:24:16"
"76","34131002542251","20170602","33","0","6","27.91","0","0","9/9/2017 02:24:16"
"77","34131002542252","20170602","34","7712","8","484.44","0","25","9/9/2017 02:24:16"
"78","34131002542253","20170602","33","5017","7.25","84.17","0","3.0736","9/9/2017 02:24:16"
"79","34131002542254","20170602","34","0","1.568","8.52","0","0","9/9/2017 02:24:16"
"80","34131002542255","20170602","33","0","1","40.9","0","0","9/9/2017 02:24:16"
"81","34131002542256","20170602","34","0","4","11.04","0","0","9/9/2017 02:24:16"
"82","34131002542257","20170602","33","2661","2","8.54","0","0.47","9/9/2017 02:24:16"
"83","34131002542258","20170602","34","0","1","39.8","0","0","9/9/2017 02:24:16"
"84","34131002542259","20170602","33","0","6","111.28","0","0","9/9/2017 02:24:16"
"85","34131002542260","20170602","33","5495","3.71","74.71","0","2.6275","9/9/2017 02:24:16"
"86","34131002542261","20170602","34","2262","8.2","90.68","0","4.3092","9/9/2017 02:24:16"
"87","34131002542262","20170602","33","2861","4","64.9","0","3.4","9/9/2017 02:24:16"
"88","34131002542263","20170602","33","0","2","22.05","0","0","9/9/2017 02:24:16"
"89","34131002542264","20170602","34","0","7.222","136.3","0","0","9/9/2017 02:24:16"
"90","34131002542265","20170602","33","0","3","65.9","0","0","9/9/2017 02:24:16"
"91","34131002542266","20170602","33","7381","3.424","24.73","0","1.3825","9/9/2017 02:24:16"
"92","34131002542267","20170602","33","0","3.362","234.67","0","0","9/9/2017 02:24:16"
"93","34131002542268","20170602","34","0","0.644","6.39","0","0","9/9/2017 02:24:16"
"94","34131002542269","20170602","34","5100","6.152","31.4","0","1.1206","9/9/2017 02:24:16"
"95","34131002542270","20170602","34","1562","2","95.8","0","2","9/9/2017 02:24:16"
"96","34131002542271","20170602","34","3778","0.882","7.59","0","0.3498","9/9/2017 02:24:16"
"97","34131002542272","20170602","33","3327","1.686","49.81","0","2.6336","9/9/2017 02:24:16"
"98","34131002542273","20170602","33","5743","22.124","137.6","0","6.2725","9/9/2017 02:24:16"
"99","34131002542274","20170602","34","7536","4","15.96","0","0.81","9/9/2017 02:24:16"
"100","34131002542275","20170602","33","0","1","7.6","0","0","9/9/2017 02:24:16"
"101","34131002542276","20170602","34","5510","5.886","56.03","0","2.3591","9/9/2017 02:24:16"
"102","34131002542277","20170602","34","2322","1.244","15.46","0","0.492","9/9/2017 02:24:16"
"103","34131002542278","20170602","34","7176","1","22.79","0","1.2","9/9/2017 02:24:16"
"104","34131002542279","20170602","33","431","2","5.54","0","0.3","9/9/2017 02:24:16"
"105","34131002542280","20170602","34","5684","1","47.9","0","1","9/9/2017 02:24:16"
"106","34131002542281","20170602","33","0","6.18","35.23","0","0","9/9/2017 02:24:16"
"107","34131002542282","20170602","33","7375","2.018","11.3","0","0.7676","9/9/2017 02:24:16"
"108","34131002542283","20170602","33","0","14.606","58.59","0","0","9/9/2017 02:24:16"
"109","34131002542284","20170602","34","0","5","18.19","0","0","9/9/2017 02:24:16"
"110","34131002542285","20170602","34","5510","0.49","2.93","0","0.206","9/9/2017 02:24:16"
"111","34131002542286","20170602","34","0","3","10.79","0","0","9/9/2017 02:24:16"
"112","34131002542287","20170602","33","0","1.338","48.14","0","0","9/9/2017 02:24:16"
"113","34131002542288","20170602","34","4676","3","15.82","0","0.72","9/9/2017 02:24:16"
"114","34131002542289","20170602","33","0","1.932","70.96","0","0","9/9/2017 02:24:16"
"115","34131002542290","20170602","34","4792","11.494","114.18","0","6.9297","9/9/2017 02:24:16"
"116","34131002542291","20170602","33","0","2","11.48","0","0","9/9/2017 02:24:16"
"117","34131002542292","20170602","33","1533","35.504","288.44","0","10.4204","9/9/2017 02:24:16"
"118","34131002542293","20170602","33","0","13","109.2","0","0","9/9/2017 02:24:16"
"119","34131002542294","20170602","34","0","9.216","28.48","0","0","9/9/2017 02:24:16"
"120","34131002542295","20170602","34","7818","2.57","16.88","0","0.8326","9/9/2017 02:24:16"
"121","34131002542296","20170602","34","7512","0.796","8.76","0","0.1393","9/9/2017 02:24:16"
"122","34131002542297","20170602","34","838","3.586","81.64","0","5.6821","9/9/2017 02:24:16"
"123","34131002542298","20170602","34","0","12","44.84","0","0","9/9/2017 02:24:16"
"124","34131002542299","20170602","34","7326","7","283.19","0","4.5","9/9/2017 02:24:16"
"125","34131002542300","20170602","33","5093","1","4.19","0","0.1","9/9/2017 02:24:16"
"126","34131002542301","20170602","33","0","4.51","31.62","0","0","9/9/2017 02:24:16"
"127","34131002542302","20170602","34","1622","3.386","143.96","0","2.2752","9/9/2017 02:24:16"
"128","34131002542303","20170602","33","2757","7.156","112.62","0","6.0904","9/9/2017 02:24:16"
"129","34131002542304","20170602","34","0","1","15.8","0","0","9/9/2017 02:24:16"
"130","34131002542305","20170602","33","0","3.762","26.93","0","0","9/9/2017 02:24:16"
"131","34131002542306","20170602","33","2371","8","166.4","166.4","17.6","9/9/2017 02:24:16"
"132","34131002542307","20170602","34","6832","10","37.96","0","1.5","9/9/2017 02:24:16"
"133","34131002542308","20170602","34","3276","6.888","105.66","0","5.6712","9/9/2017 02:24:16"
"134","34131002542309","20170602","34","10028","25.045","49.59","0","4.5072","9/9/2017 02:24:16"
"135","34131002542310","20170602","34","8106","6","116.49","0","3.35","9/9/2017 02:24:16"
"136","34131002542311","20170602","33","8329","8.678","114.41","0","5.9714","9/9/2017 02:24:16"
"137","34131002542312","20170602","34","8658","3.036","77.03","0","2.6068","9/9/2017 02:24:16"
"138","34131002542313","20170602","33","0","3","60.72","0","0","9/9/2017 02:24:16"
"139","34131002542314","20170602","33","7333","3","71.87","0","3.9","9/9/2017 02:24:16"
"140","34131002542315","20170602","34","7422","5.69","93.99","0","4.5548","9/9/2017 02:24:16"
"141","34131002542316","20170602","34","6346","17","165.45","0","6.89","9/9/2017 02:24:16"
"142","34131002542317","20170602","33","0","4","14.4","0","0","9/9/2017 02:24:16"
"143","34131002542318","20170602","33","3525","3.682","138.33","0","14.5334","9/9/2017 02:24:16"
"144","34131002542319","20170602","33","0","5","33.36","0","0","9/9/2017 02:24:16"
"145","34131002542320","20170602","34","0","2","5.52","0","0","9/9/2017 02:24:16"
"146","34131002542321","20170602","33","8371","2","288","0","16.5","9/9/2017 02:24:16"
"147","34131002542322","20170602","34","0","5","48.04","0","0","9/9/2017 02:24:16"
"148","34131002542323","20170602","34","7174","12","384.66","0","10.1","9/9/2017 02:24:16"
"149","34131002542324","20170602","34","0","6","101.73","0","0","9/9/2017 02:24:16"
"150","34131002542325","20170602","34","7204","13.552","66.76","0","3.11","9/9/2017 02:24:16"
"151","34131002542326","20170602","33","5375","2","104.8","0","4","9/9/2017 02:24:16"
"152","34131002542327","20170602","33","0","5.688","43.15","0","0","9/9/2017 02:24:16"
"153","34131002542328","20170602","34","8664","2.008","33.53","0","1.8359","9/9/2017 02:24:16"
"154","34131002542329","20170602","33","0","10.344","140.81","0","0","9/9/2017 02:24:16"
"155","34131002542330","20170602","34","0","4","3.18","1.49","0","9/9/2017 02:24:16"
"156","34131002542331","20170602","34","5382","16","69.59","0","3.853","9/9/2017 02:24:16"
"157","34131002542332","20170602","34","0","12","66.3","0","0","9/9/2017 02:24:16"
"158","34131002542333","20170602","33","0","2","18.9","0","0","9/9/2017 02:24:16"
"159","34131002542334","20170602","34","6814","1","19.3","0","0.6","9/9/2017 02:24:16"
"160","34131002542335","20170602","34","5468","29","262.8","0","16.17","9/9/2017 02:24:16"
"161","34131002542336","20170602","34","0","1","29.9","0","0","9/9/2017 02:24:16"
"162","34131002542337","20170602","33","5267","11.81","178.69","0","10.466","9/9/2017 02:24:16"
"163","34131002542338","20170602","34","8246","1","8.99","0","0","9/9/2017 02:24:16"
"164","34131002542339","20170602","33","0","1","0.2","0","0","9/9/2017 02:24:16"
"165","34131002542340","20170602","34","5510","3","100.6","0","5.3","9/9/2017 02:24:16"
"166","34131002542341","20170602","33","0","3.802","28.6","0","0","9/9/2017 02:24:16"
"167","34131002542342","20170602","34","0","1","9.9","0","0","9/9/2017 02:24:16"
"168","34131002542343","20170602","34","6782","1","29.9","0","4.6","9/9/2017 02:24:16"
"169","34131002542344","20170602","34","7550","1","6.16","0","0.33","9/9/2017 02:24:16"
"170","34131002542345","20170602","33","3279","1","69.9","0","1","9/9/2017 02:24:16"
"171","34131002542346","20170602","33","6501","1.786","9.97","0","0.2102","9/9/2017 02:24:16"
"172","34131002542347","20170602","33","0","1","0.2","0","0","9/9/2017 02:24:16"
"173","34131002542348","20170602","34","0","1.976","94.89","0","0","9/9/2017 02:24:16"
"174","34131002542349","20170602","33","0","18","116.3","0","0","9/9/2017 02:24:16"
"175","34131002542350","20170602","33","1089","3.328","163.18","0","4.2288","9/9/2017 02:24:16"
"176","34131002542351","20170602","33","7481","2","13.98","0","0.8","9/9/2017 02:24:16"
"177","34131002542352","20170602","33","7577","2.64","32.15","0","1.3745","9/9/2017 02:24:16"
"178","34131002542353","20170602","33","0","4.71","30.54","0","0","9/9/2017 02:24:16"
"179","34131002542354","20170602","34","0","1","4.9","0","0","9/9/2017 02:24:16"
"180","34131002542355","20170602","34","7112","3.722","27.97","0","1.357","9/9/2017 02:24:16"
"181","34131002542356","20170602","33","7557","0.818","16.2","0","0.978","9/9/2017 02:24:16"
"182","34131002542357","20170602","34","6540","5.62","77.21","0","2.3604","9/9/2017 02:24:16"
"183","34131002542358","20170602","33","8751","24.72","419.38","0","17.9086","9/9/2017 02:24:16"
"184","34131002542359","20170602","33","9205","2.562","41.17","0","2.011","9/9/2017 02:24:16"
"185","34131002542360","20170602","33","4127","1","59.9","0","1.9","9/9/2017 02:24:16"
"186","34131002542361","20170602","33","7305","10.246","102.54","0","2.8996","9/9/2017 02:24:16"
"187","34131002542362","20170602","34","0","28","61.6","0","0","9/9/2017 02:24:16"
"188","34131002542363","20170602","33","1897","12.92","168.96","0","8.1716","9/9/2017 02:24:16"
"189","34131002542364","20170602","34","7386","2.174","14.19","0","0.8665","9/9/2017 02:24:16"
"190","34131002542365","20170602","33","1997","24.5","64.11","0","0.4","9/9/2017 02:24:16"
"191","34131002542366","20170602","34","2844","1","41.7","0","2.2","9/9/2017 02:24:16"
"192","34131002542367","20170602","33","4231","2.228","46.83","0","3.5758","9/9/2017 02:24:16"
"193","34131002542368","20170602","34","5234","10","104.27","0","3.41","9/9/2017 02:24:16"
"194","34131002542369","20170602","34","5510","1","71.9","0","0","9/9/2017 02:24:16"
"195","34131002542370","20170602","33","415","2","19.98","0","1.02","9/9/2017 02:24:16"
"196","34131002542371","20170602","33","2867","2.016","13.08","0","0.6537","9/9/2017 02:24:16"
"197","34131002542372","20170602","33","4253","6","55.5","0","2.1","9/9/2017 02:24:16"
"198","34131002542373","20170602","33","0","1.978","17.01","0","0","9/9/2017 02:24:16"
"199","34131002542374","20170602","34","5510","7","98.18","0","4.3","9/9/2017 02:24:16"
"200","34131002542375","20170602","33","0","2","16.79","0","0","9/9/2017 02:24:16"
"201","34131002542376","20170602","33","8699","0.16","11.81","0","0.638","9/9/2017 02:24:16"
"202","34131002542377","20170602","33","7305","23","1377.7","0","43.7","9/9/2017 02:24:16"
"203","34131002542378","20170602","34","0","6","61.2","0","0","9/9/2017 02:24:16"
"204","34131002542379","20170602","33","0","5","28.08","0","0","9/9/2017 02:24:16"
"205","34131002542380","20170602","33","6729","1","19.9","0","1","9/9/2017 02:24:16"
"206","34131002542381","20170602","33","5331","31.66","370.15","0","21.4468","9/9/2017 02:24:16"
"207","34131002542382","20170602","34","0","1","3.59","0","0","9/9/2017 02:24:16"
"208","34131002542383","20170602","33","0","6","35.7","0","0","9/9/2017 02:24:16"
"209","34131002542384","20170602","33","7477","5.346","50.89","0","2.1423","9/9/2017 02:24:16"
"210","34131002542385","20170602","33","0","2","11.34","0","0","9/9/2017 02:24:16"
"211","34131002542386","20170602","33","6239","2","34.5","0","1.3","9/9/2017 02:24:16"
"212","34131002542387","20170602","33","5889","7.678","79.02","0","4.587","9/9/2017 02:24:16"
"213","34131002542388","20170602","33","10021","4.568","47.14","0","1.4998","9/9/2017 02:24:16"
"214","34131002542389","20170602","33","1249","11","196.5","0","10.4","9/9/2017 02:24:16"
"215","34131002542390","20170602","33","891","4.12","118.1","0","5.3116","9/9/2017 02:24:16"
"216","34131002542391","20170602","34","8346","2","233.8","0","2","9/9/2017 02:24:16"
"217","34131002542392","20170602","34","5510","9.532","90.75","0","3.8074","9/9/2017 02:24:16"
"218","34131002542393","20170602","33","0","0.61","31.6","0","0","9/9/2017 02:24:16"
"219","34131002542394","20170602","34","3708","1.84","46.44","0","3.175","9/9/2017 02:24:16"
"220","34131002542395","20170602","34","4134","8.13","83.14","0","3.9924","9/9/2017 02:24:16"
"221","34131002542396","20170602","34","0","4","28.88","0","0","9/9/2017 02:24:16"
"222","34131002542397","20170602","34","5472","1","47.9","0","1","9/9/2017 02:24:16"
"223","34131002542398","20170602","34","5510","25","119.5","0","5","9/9/2017 02:24:16"
"224","34131002542399","20170602","33","0","2","39.4","0","0","9/9/2017 02:24:16"
"225","34131002542400","20170602","34","5510","4.402","31.62","0","1.2078","9/9/2017 02:24:16"
"226","34131002542401","20170602","33","0","1","14.6","0","0","9/9/2017 02:24:16"
"227","34131002542402","20170602","33","1901","1","163","15","10","9/9/2017 02:24:16"
"228","34131002542403","20170602","33","905","6.658","52.7","0","2.9285","9/9/2017 02:24:16"
"229","34131002542404","20170602","34","5510","7.014","47.15","0","1.8017","9/9/2017 02:24:16"
"230","34131002542405","20170602","34","5510","68","231.74","0","4.36","9/9/2017 02:24:16"
"231","34131002542406","20170602","34","0","2","7.9","0","0","9/9/2017 02:24:16"
"232","34131002542407","20170602","34","1078","4","88.9","0","4.3","9/9/2017 02:24:16"
"233","34131002542408","20170602","34","5510","1","74.9","0","4","9/9/2017 02:24:16"
"234","34131002542409","20170602","33","0","6","106.08","0","0","9/9/2017 02:24:16"
"235","34131002542410","20170602","34","0","4","119.2","0","0","9/9/2017 02:24:16"
"236","34131002542411","20170602","33","9207","4.742","61.76","0","2.1481","9/9/2017 02:24:16"
"237","34131002542412","20170602","34","0","1","66.9","0","0","9/9/2017 02:24:16"
"238","34131002542413","20170602","34","5510","8.168","72.94","0","2.1851","9/9/2017 02:24:16"
"239","34131002542414","20170602","33","1563","3.412","62.4","0","3.9432","9/9/2017 02:24:16"
"240","34131002542415","20170602","33","3607","1","6.9","0","0.4","9/9/2017 02:24:16"
"241","34131002542416","20170602","34","0","2.5","24.8","0","0","9/9/2017 02:24:16"
"242","34131002542417","20170602","33","0","4","20.74","0","0","9/9/2017 02:24:16"
"243","34131002542418","20170602","34","6668","1","7.9","0","0.6","9/9/2017 02:24:16"
"244","34131002542419","20170602","33","1563","7","87.75","0","1.95","9/9/2017 02:24:16"
"245","34131002542420","20170602","34","5510","3.6","33.89","0","1.4329","9/9/2017 02:24:16"
"246","34131002542421","20170602","34","662","0.944","43.05","0","1.8844","9/9/2017 02:24:16"
"247","34131002542422","20170602","34","0","2","31","0","0","9/9/2017 02:24:16"
"248","34131002542423","20170602","33","1405","11","175.3","0","8.01","9/9/2017 02:24:16"
"249","34131002542424","20170602","34","0","3.022","51.47","0","0","9/9/2017 02:24:16"
"250","34131002542425","20170602","33","5785","0.332","3.98","0","0.1966","9/9/2017 02:24:16"
"251","34131002542426","20170602","34","0","1","8.04","0","0","9/9/2017 02:24:16"
"252","34131002542427","20170602","33","3789","2","227.9","0","6.4","9/9/2017 02:24:16"
"253","34131002542428","20170602","33","5189","0.49","20.98","0","0.7985","9/9/2017 02:24:16"
"254","34131002542429","20170602","34","5054","2.804","94.05","0","8.0799","9/9/2017 02:24:16"
"255","34131002542430","20170602","34","746","2","22.49","0","1.01","9/9/2017 02:24:16"
"256","34131002542431","20170602","33","1899","1","47.9","0","1","9/9/2017 02:24:16"
"257","34131002542432","20170602","34","5510","1","19.9","0","0.6","9/9/2017 02:24:16"
"258","34131002542433","20170602","33","0","12","35","7","0","9/9/2017 02:24:16"
"259","34131002542434","20170602","34","0","1","10.24","0","0","9/9/2017 02:24:16"
"260","34131002542435","20170602","33","0","1","12.79","0","0","9/9/2017 02:24:16"
"261","34131002542436","20170602","33","497","1","17.95","0","0.95","9/9/2017 02:24:16"
"262","34131002542437","20170602","33","0","4.962","49.23","0","0","9/9/2017 02:24:16"
"263","34131002542438","20170602","34","2756","5.952","34.94","0","2.4678","9/9/2017 02:24:16"
"264","34131002542439","20170602","33","0","2.488","42.17","0","0","9/9/2017 02:24:16"
"265","34131002542440","20170602","34","0","0.848","39.46","0","0","9/9/2017 02:24:16"
"266","34131002542441","20170602","34","6924","6.692","61.41","0","1.4746","9/9/2017 02:24:16"
"267","34131002542442","20170602","34","0","0.478","44.45","0","0","9/9/2017 02:24:16"
"268","34131002542443","20170602","33","0","5","1","0","0","9/9/2017 02:24:16"
"269","34131002542444","20170602","34","2046","50.224","1984.5","0","40.8188","9/9/2017 02:24:16"
"270","34131002542445","20170602","33","3791","7","83.42","0","4.3","9/9/2017 02:24:16"
"271","34131002542446","20170602","33","511","5","51.77","0","2.6","9/9/2017 02:24:16"
"272","34131002542447","20170602","33","0","4","22.98","0","0","9/9/2017 02:24:16"
"273","34131002542448","20170602","34","5336","1","159","0","10","9/9/2017 02:24:16"
"274","34131002542449","20170602","33","2699","7","107.45","0","6.27","9/9/2017 02:24:16"
"275","34131002542450","20170602","34","8114","5.854","42.82","0","2.2226","9/9/2017 02:24:16"
"276","34131002542451","20170602","33","0","3.958","57.89","0","0","9/9/2017 02:24:16"
"277","34131002542452","20170602","34","0","6","98.9","0","0","9/9/2017 02:24:16"
"278","34131002542453","20170602","33","0","8","16.16","0","0","9/9/2017 02:24:16"
"279","34131002542454","20170602","33","5503","1.946","187.07","0","6.8356","9/9/2017 02:24:16"
"280","34131002542455","20170602","33","7925","4","85.25","0","3.95","9/9/2017 02:24:16"
"281","34131002542456","20170602","34","2638","5.658","61.04","0","1.9735","9/9/2017 02:24:16"
"282","34131002542457","20170602","34","4494","6","41.63","0","1.93","9/9/2017 02:24:16"
"283","34131002542458","20170602","34","3828","15.902","50.67","0","4.3708","9/9/2017 02:24:16"
"284","34131002542459","20170602","33","5371","10.706","73.48","0","2.7597","9/9/2017 02:24:16"
"285","34131002542460","20170602","34","3632","1","13.9","0","0","9/9/2017 02:24:16"
"286","34131002542461","20170602","34","5018","12.9","273.77","0","16.3938","9/9/2017 02:24:16"
"287","34131002542462","20170602","33","7591","8.15","50.96","0","2.3652","9/9/2017 02:24:16"
"288","34131002542463","20170602","33","8611","23","87.3","0","2.1","9/9/2017 02:24:16"
"289","34131002542464","20170602","34","7814","13","224.49","0","10.83","9/9/2017 02:24:16"
"290","34131002542465","20170602","33","4239","11.92","68.53","0","3.9047","9/9/2017 02:24:16"
"291","34131002542466","20170602","34","3246","10","113.06","0","4.21","9/9/2017 02:24:16"
"292","34131002542467","20170602","34","3444","27","137.27","0","6.1","9/9/2017 02:24:16"
"293","34131002542468","20170602","34","318","1.472","65.65","0","3.1596","9/9/2017 02:24:16"
"294","34131002542469","20170602","34","5128","4","42.7","0","2.44","9/9/2017 02:24:16"
"295","34131002542470","20170602","34","8202","5","42.88","0","1.98","9/9/2017 02:24:16"
"296","34131002542471","20170602","33","0","5.848","82.32","0","0","9/9/2017 02:24:16"
"297","34131002542472","20170602","34","0","1","13","0","0","9/9/2017 02:24:16"
"298","34131002542473","20170602","33","3951","14.428","107.86","0","5.0004","9/9/2017 02:24:16"
"299","34131002542474","20170602","34","0","41.328","187.76","0","0","9/9/2017 02:24:16"
"300","34131002542475","20170602","34","2288","30.822","143.51","0","3.4632","9/9/2017 02:24:16"
"301","34131002542476","20170602","34","4674","8.124","45.67","0","1.8127","9/9/2017 02:24:16"
"302","34131002542477","20170602","33","0","2","14.69","0","0","9/9/2017 02:24:16"
"303","34131002542478","20170602","34","162","1","9.99","0","0.61","9/9/2017 02:24:16"
"304","34131002542479","20170602","33","0","5","34.35","2.745","0","9/9/2017 02:24:16"
"305","34131002542480","20170602","34","9210","10.4","47.59","0","2.9652","9/9/2017 02:24:16"
"306","34131002542481","20170602","34","5516","1","12.5","0","0.05","9/9/2017 02:24:16"
"307","34131002542482","20170602","33","1331","23.256","308.18","0","14.3732","9/9/2017 02:24:16"
"308","34131002542483","20170602","34","5510","23.468","229.19","0","11.2123","9/9/2017 02:24:16"
"309","34131002542484","20170602","34","0","1.178","54.9","0","0","9/9/2017 02:24:16"
"310","34131002542485","20170602","33","0","2","82.7","0","0","9/9/2017 02:24:16"
"311","34131002542486","20170602","34","0","1","15.9","0","0","9/9/2017 02:24:16"
"312","34131002542487","20170602","33","0","7.322","44.02","0","0","9/9/2017 02:24:16"
"313","34131002542488","20170602","34","5510","6.946","68.59","0","3.0425","9/9/2017 02:24:16"
"314","34131002542489","20170602","33","0","11.244","151.92","0","0","9/9/2017 02:24:16"
"315","34131002542490","20170602","33","1785","10.034","104.51","0","4.4012","9/9/2017 02:24:16"
"316","34131002542491","20170602","34","3034","5","20.91","0","1.16","9/9/2017 02:24:16"
"317","34131002542492","20170602","34","0","8","65.31","0","0","9/9/2017 02:24:16"
"318","34131002542493","20170602","33","8277","9.216","100.04","0","4.1791","9/9/2017 02:24:16"
"319","34131002542494","20170602","34","988","16.04","42.32","0","2.0092","9/9/2017 02:24:16"
"320","34131002542495","20170602","34","7264","6","23.75","0","1.3","9/9/2017 02:24:16"
"321","34131002542496","20170602","34","0","1","39.8","0","0","9/9/2017 02:24:16"
"322","34131002542497","20170602","33","6629","3.424","40.89","0","2.1861","9/9/2017 02:24:16"
"323","34131002542498","20170602","33","4551","1","6.35","0","0.05","9/9/2017 02:24:16"
"324","34131002542499","20170602","33","0","5","20.96","0","0","9/9/2017 02:24:16"
"325","34131002542500","20170602","34","0","1","11.9","0","0","9/9/2017 02:24:16"
"326","34131002542501","20170602","33","0","0.162","4.8","0","0","9/9/2017 02:24:16"
"327","34131002542502","20170602","34","0","6","156.27","0","0","9/9/2017 02:24:16"
"328","34131002542503","20170602","34","3572","1","213.9","0","11","9/9/2017 02:24:16"
"329","34131002542504","20170602","33","4167","1.546","2.75","0","0.3111","9/9/2017 02:24:16"
"330","34131002542505","20170602","33","0","1.126","79.38","0","0","9/9/2017 02:24:16"
"331","34131002542506","20170602","34","5510","12.22","98.69","0","3.1829","9/9/2017 02:24:16"
"332","34131002542507","20170602","33","0","8","116.9","0","0","9/9/2017 02:24:16"
"333","34131002542508","20170602","34","0","6","1.2","0","0","9/9/2017 02:24:16"
"334","34131002542509","20170602","33","0","1","37.8","0","0","9/9/2017 02:24:16"
"335","34131002542510","20170602","34","0","0.78","7.74","0","0","9/9/2017 02:24:16"
"336","34131002542511","20170602","33","977","1","6.88","0","0.11","9/9/2017 02:24:16"
"337","34131002542512","20170602","34","1058","2.31","8.76","0","0.4484","9/9/2017 02:24:16"
"338","34131002542513","20170602","33","0","23.014","172.79","0","0","9/9/2017 02:24:16"
"339","34131002542514","20170602","34","0","4","22.07","0","0","9/9/2017 02:24:16"
"340","34131002542515","20170602","34","5288","9","120.74","0","4.78","9/9/2017 02:24:16"
"341","34131002542516","20170602","34","718","4","107.08","0","6","9/9/2017 02:24:16"
"342","34131002542517","20170602","33","10499","0.774","38.55","0","2.9364","9/9/2017 02:24:16"
"343","34131002542518","20170602","34","0","3","8.99","0","0","9/9/2017 02:24:16"
"344","34131002542519","20170602","33","5787","13.504","44.02","0","1.0532","9/9/2017 02:24:16"
"345","34131002542520","20170602","33","7395","2","218.9","0","14","9/9/2017 02:24:16"
"346","34131002542521","20170602","34","6836","3.336","43.21","0","2.211","9/9/2017 02:24:16"
"347","34131002542522","20170602","33","9249","1","139","0","10","9/9/2017 02:24:16"
"348","34131002542523","20170602","33","0","1","10.8","0","0","9/9/2017 02:24:16"
"349","34131002542524","20170602","34","0","3","19.45","0","0","9/9/2017 02:24:16"
"350","34131002542525","20170602","33","0","5.146","17.88","0","0","9/9/2017 02:24:16"
"351","34131002542526","20170602","34","0","1","10.8","0","0","9/9/2017 02:24:16"
"352","34131002542527","20170602","33","0","6","50.07","0","0","9/9/2017 02:24:16"
"353","34131002542528","20170602","34","0","6","63.87","0","0","9/9/2017 02:24:16"
"354","34131002542529","20170602","34","7034","13.078","311.99","0","14.4832","9/9/2017 02:24:16"
"355","34131002542530","20170602","33","4421","2","4.07","0","0.14","9/9/2017 02:24:16"
"356","34131002542531","20170602","34","3470","4","86.8","0","3.8","9/9/2017 02:24:16"
"357","34131002542532","20170602","34","1988","4","17.6","0","0.58","9/9/2017 02:24:16"
"358","34131002542533","20170602","33","0","10.512","51.49","0","0","9/9/2017 02:24:16"
"359","34131002542534","20170602","34","0","3","58.5","0","0","9/9/2017 02:24:16"
"360","34131002542535","20170602","33","0","6.716","29.03","0","0","9/9/2017 02:24:16"
"361","34131002542536","20170602","34","3058","1","95","0","4","9/9/2017 02:24:16"
"362","34131002542537","20170602","33","0","1.506","14.94","0","0","9/9/2017 02:24:16"
"363","34131002542538","20170602","33","5467","7","14.85","0","1.05","9/9/2017 02:24:16"
"364","34131002542539","20170602","33","3361","1.106","10.53","0","0.4415","9/9/2017 02:24:16"
"365","34131002542540","20170602","33","4203","5","225.88","0","5.68","9/9/2017 02:24:16"
"366","34131002542541","20170602","33","3047","2.572","106.22","0","2.5976","9/9/2017 02:24:16"
"367","34131002542542","20170602","34","0","1","50.5","0","0","9/9/2017 02:24:16"
"368","34131002542543","20170602","33","0","3","35.4","0","0","9/9/2017 02:24:16"
"369","34131002542544","20170602","34","7076","7","62.11","0","1.27","9/9/2017 02:24:16"
"370","34131002542545","20170602","34","142","6","83.28","0","1.3","9/9/2017 02:24:16"
"371","34131002542546","20170602","34","0","5","31.77","0","0","9/9/2017 02:24:16"
"372","34131002542547","20170602","34","5490","4.776","45.53","0","1.5169","9/9/2017 02:24:16"
"373","34131002542548","20170602","34","0","9","110.61","0","0","9/9/2017 02:24:16"
"374","34131002542549","20170602","33","3393","0.446","4.09","0","0.1024","9/9/2017 02:24:16"
"375","34131002542550","20170602","34","4676","2.848","27.56","0","2.4518","9/9/2017 02:24:16"
"376","34131002542551","20170602","33","0","2","190.86","21.538","0","9/9/2017 02:24:16"
"377","34131002542552","20170602","34","6704","2.52","33.08","0","1.3496","9/9/2017 02:24:16"
"378","34131002542553","20170602","34","1000","43","158.89","0","7.2","9/9/2017 02:24:16"
"379","34131002542554","20170602","34","0","3","40.19","0","0","9/9/2017 02:24:16"
"380","34131002542555","20170602","33","3003","3","17.26","0","0.58","9/9/2017 02:24:16"
"381","34131002542556","20170602","33","9219","25.532","793.63","1.29","24.7928","9/9/2017 02:24:16"
"382","34131002542557","20170602","33","0","9","39.93","0","0","9/9/2017 02:24:16"
"383","34131002542558","20170602","34","930","3","18.3","0","0.2","9/9/2017 02:24:16"
"384","34131002542559","20170602","33","10063","1","27.9","0","1","9/9/2017 02:24:16"
"385","34131002542560","20170602","34","0","1","39.9","0","0","9/9/2017 02:24:16"
"386","34131002542561","20170602","33","0","7","39.53","0","0","9/9/2017 02:24:16"
"387","34131002542562","20170602","34","990","3.278","17.74","0","1.0984","9/9/2017 02:24:16"
"388","34131002542563","20170602","33","0","0.664","6.37","0","0","9/9/2017 02:24:16"
"389","34131002542564","20170602","34","4212","1","14.9","0","0.7","9/9/2017 02:24:16"
"390","34131002542565","20170602","34","8302","8.918","58.9","0","1.924","9/9/2017 02:24:16"
"391","34131002542566","20170602","34","7430","2.572","33.78","0","1.7542","9/9/2017 02:24:16"
"392","34131002542567","20170602","33","7685","1","6.9","0","0.2","9/9/2017 02:24:16"
"393","34131002542568","20170602","34","592","2","29.64","0","1.45","9/9/2017 02:24:16"
"394","34131002542569","20170602","33","0","1.542","15.6","0","0","9/9/2017 02:24:16"
"395","34131002542570","20170602","34","5856","1","11.7","0","0.5","9/9/2017 02:24:16"
"396","34131002542571","20170602","34","8104","3","29.29","0","1.5","9/9/2017 02:24:16"
"397","34131002542572","20170602","33","10061","12.682","1411.91","0","12.2743","9/9/2017 02:24:16"
"398","34131002542573","20170602","34","8116","4.888","71.65","0","3.0954","9/9/2017 02:24:16"
"399","34131002542574","20170602","34","3722","4","265.7","60","17.3","9/9/2017 02:24:16"
"400","34131002542575","20170602","34","7072","5.904","24.76","0","1.0394","9/9/2017 02:24:16"
"401","34131002542576","20170602","34","0","8.478","96.35","0","0","9/9/2017 02:24:16"
"402","34131002542577","20170602","34","2538","5.062","31.12","0","1.4468","9/9/2017 02:24:16"
"403","34131002542578","20170602","34","0","2","23.96","0","0","9/9/2017 02:24:16"
"404","34131002542579","20170602","34","8336","12.448","126.8","0","3.8542","9/9/2017 02:24:16"
"405","34131002542580","20170602","34","0","3","41.59","0","0","9/9/2017 02:24:16"
"406","34131002542581","20170602","33","0","5","41.64","0","0","9/9/2017 02:24:16"
"407","34131002542582","20170602","34","4416","5","330.6","0","17.88","9/9/2017 02:24:16"
"408","34131002542583","20170602","33","5289","0.146","10.77","0","0.5888","9/9/2017 02:24:16"
"409","34131002542584","20170602","33","7395","3","471.2","0","24.8","9/9/2017 02:24:16"
"410","34131002542585","20170602","33","0","1","10.6","0","0","9/9/2017 02:24:16"
"411","34131002542586","20170602","34","0","6","53.83","0","0","9/9/2017 02:24:16"
"412","34131002542587","20170602","33","2191","5.204","87.74","0","3.792","9/9/2017 02:24:16"
"413","34131002542588","20170602","34","0","2","21.39","0","0","9/9/2017 02:24:16"
"414","34131002542589","20170602","34","2708","2","45.59","0","1.1","9/9/2017 02:24:16"
"415","34131002542590","20170602","33","5593","18","206.59","0","7.6","9/9/2017 02:24:16"
"416","34131002542591","20170602","33","0","18","150.19","0","0","9/9/2017 02:24:16"
"417","34131002542592","20170602","34","0","15","160.03","0","0","9/9/2017 02:24:16"
"418","34131002542593","20170602","34","7890","6.288","65.42","0","3.087","9/9/2017 02:24:16"
"419","34131002542594","20170602","34","0","12","94.5","0","0","9/9/2017 02:24:16"
"420","34131002542595","20170602","33","8375","2.488","18.42","0","1.748","9/9/2017 02:24:16"
"421","34131002542596","20170602","34","0","3","78.7","0","0","9/9/2017 02:24:16"
"422","34131002542597","20170602","33","0","22","179.16","0","0","9/9/2017 02:24:16"
"423","34131002542598","20170602","34","3228","13","240.06","16.15","13.14","9/9/2017 02:24:16"
"424","34131002542599","20170602","33","4459","5","36.57","0","1.29","9/9/2017 02:24:16"
"425","34131002542600","20170602","34","0","1.91","18.02","0","0","9/9/2017 02:24:16"
"426","34131002542601","20170602","33","8317","11.038","57.07","0","2.5195","9/9/2017 02:24:16"
"427","34131002542602","20170602","33","8317","6","291.4","0","13","9/9/2017 02:24:16"
"428","34131002542603","20170602","33","0","1","1.95","0","0","9/9/2017 02:24:16"
"429","34131002542604","20170602","33","6851","30","414.93","0","16.5","9/9/2017 02:24:16"
"430","34131002542605","20170602","33","1961","3.792","14.82","0","0.4266","9/9/2017 02:24:16"
"431","34131002542606","20170602","34","5208","3","143.19","0","7.4","9/9/2017 02:24:16"
"432","34131002542607","20170602","33","0","1","33.8","0","0","9/9/2017 02:24:16"
"433","34131002542608","20170602","34","0","4","111.2","0","0","9/9/2017 02:24:16"
"434","34131002542609","20170602","33","0","1","43.8","0","0","9/9/2017 02:24:16"
"435","34131002542610","20170602","33","8379","41.582","254.9","10.4","10.2234","9/9/2017 02:24:16"
"436","34131002542611","20170602","34","1604","5","41.66","0","1.67","9/9/2017 02:24:16"
"437","34131002542612","20170602","33","2969","36","162.75","0","4.03","9/9/2017 02:24:16"
"438","34131002542613","20170602","33","7369","3","140.2","0","4.36","9/9/2017 02:24:16"
"439","34131002542614","20170602","34","7056","6.174","119.5","0","5.4406","9/9/2017 02:24:16"
"440","34131002542615","20170602","33","0","7","14.63","0","0","9/9/2017 02:24:16"
"441","34131002542616","20170602","34","6316","10.25","55.58","0","1.9981","9/9/2017 02:24:16"
"442","34131002542617","20170602","33","4601","2","13.1","0","0.6","9/9/2017 02:24:16"
"443","34131002542618","20170602","34","0","3","185.5","0","0","9/9/2017 02:24:16"
"444","34131002542619","20170602","33","6545","2.104","31.49","0","1.111","9/9/2017 02:24:16"
"445","34131002542620","20170602","34","3832","16.866","169.81","0","7.0872","9/9/2017 02:24:16"
"446","34131002542621","20170602","33","1263","1","339","0","10","9/9/2017 02:24:16"
"447","34131002542622","20170602","34","0","10.978","76.68","0","0","9/9/2017 02:24:16"
"448","34131002542623","20170602","34","10036","8","52.15","0","2.65","9/9/2017 02:24:16"
"449","34131002542624","20170602","34","0","6","36.64","0","0","9/9/2017 02:24:16"
"450","34131002542625","20170602","34","3184","4","35.77","0","2.1","9/9/2017 02:24:16"
"451","34131002542626","20170602","34","0","2.926","93.48","0","0","9/9/2017 02:24:16"
"452","34131002542627","20170602","33","431","6","49.87","2.645","1.72","9/9/2017 02:24:16"
"453","34131002542628","20170602","34","6754","6","77.4","11.95","4.24","9/9/2017 02:24:16"
"454","34131002542629","20170602","33","0","4","54.68","0","0","9/9/2017 02:24:16"
"455","34131002542630","20170602","34","0","1","99.9","0","0","9/9/2017 02:24:16"
"456","34131002542631","20170602","33","0","1","88.9","0","0","9/9/2017 02:24:16"
"457","34131002542632","20170602","34","0","1","39.9","0","0","9/9/2017 02:24:16"
"458","34131002542633","20170602","34","5452","1","175","0","10","9/9/2017 02:24:16"
"459","34131002542634","20170602","34","0","3","30.6","0","0","9/9/2017 02:24:16"
"460","34131002542635","20170602","34","5690","3","37.85","0","1.95","9/9/2017 02:24:16"
"461","34131002542636","20170602","34","0","2","7","0","0","9/9/2017 02:24:16"
"462","34131002542637","20170602","33","9221","13.844","153.13","0","6.2005","9/9/2017 02:24:16"
"463","34131002542638","20170602","34","0","12","9.88","0","0","9/9/2017 02:24:16"
"464","34131002542639","20170602","33","3647","20","286","0","15.05","9/9/2017 02:24:16"
"465","34131002542640","20170602","34","0","1","9.99","0","0","9/9/2017 02:24:16"
"466","34131002542641","20170602","33","0","4","15.92","0","0","9/9/2017 02:24:16"
"467","34131002542642","20170602","34","9222","3.878","51.66","0","2.7588","9/9/2017 02:24:16"
"468","34131002542643","20170602","34","6272","15.358","40.1","3.22","2.0362","9/9/2017 02:24:16"
"469","34131002542644","20170602","34","0","4","29.13","0","0","9/9/2017 02:24:16"
"470","34131002542645","20170602","33","0","8","20.17","0","0","9/9/2017 02:24:16"
"471","34131002542646","20170602","34","0","1","28.8","0","0","9/9/2017 02:24:16"
"472","34131002542647","20170602","34","7186","1","9.99","0","0.21","9/9/2017 02:24:16"
"473","34131002542648","20170602","33","4549","14","346.3","0","11.1","9/9/2017 02:24:16"
"474","34131002542649","20170602","33","0","15","94.58","0","0","9/9/2017 02:24:16"
"475","34131002542650","20170602","34","0","3","56.59","0","0","9/9/2017 02:24:16"
"476","34131002542651","20170602","34","1282","4","128.06","0","3.82","9/9/2017 02:24:16"
"477","34131002542652","20170602","33","6851","10","70.13","0","1.66","9/9/2017 02:24:16"
"478","34131002542653","20170602","33","0","2","16.4","0","0","9/9/2017 02:24:16"
"479","34131002542654","20170602","33","3821","2","8.58","0","0.32","9/9/2017 02:24:16"
"480","34131002542655","20170602","33","0","1","5.95","0","0","9/9/2017 02:24:16"
"481","34131002542656","20170602","34","0","2","182.5","0","0","9/9/2017 02:24:16"
"482","34131002542657","20170602","34","4284","2.774","5.49","0","0.5019","9/9/2017 02:24:16"
"483","34131002542658","20170602","33","3617","42","656.07","0","37.17","9/9/2017 02:24:16"
"484","34131002542659","20170602","33","0","12","117","0","0","9/9/2017 02:24:16"
"485","34131002542660","20170602","33","4675","1","9.49","0","0.5","9/9/2017 02:24:16"
"486","34131002542661","20170602","34","5320","10.438","58.1","0","2.6984","9/9/2017 02:24:16"
"487","34131002542662","20170602","34","3170","8.666","56.36","0","1.6067","9/9/2017 02:24:16"
"488","34131002542663","20170602","33","0","37","282.09","0","0","9/9/2017 02:24:16"
"489","34131002542664","20170602","33","8615","14","123.01","0","5.33","9/9/2017 02:24:16"
"490","34131002542665","20170602","33","8615","2","29.9","29.9","3.2","9/9/2017 02:24:16"
"491","34131002542666","20170602","34","0","7","45.65","0","0","9/9/2017 02:24:16"
"492","34131002542667","20170602","33","0","3","23.74","0","0","9/9/2017 02:24:16"
"493","34131002542668","20170602","33","9259","8.34","47.52","0","2.0184","9/9/2017 02:24:16"
"494","34131002542669","20170602","33","3251","18.782","208.15","0","9.0492","9/9/2017 02:24:16"
"495","34131002542670","20170602","34","0","7.004","42.05","0","0","9/9/2017 02:24:16"
"496","34131002542671","20170602","34","5386","3.484","23.71","0","1.6128","9/9/2017 02:24:16"
"497","34131002542672","20170602","33","9249","2","119.8","0","5.6","9/9/2017 02:24:16"
"498","34131002542673","20170602","33","0","5","28.03","0","0","9/9/2017 02:24:16"
"499","34131002542674","20170602","34","184","8.974","52.63","0","2.6492","9/9/2017 02:24:16"
"500","34131002542675","20170602","33","0","6","10.6","0","0","9/9/2017 02:24:16"
"501","34131002542676","20170602","33","6641","12.306","129.44","0","3.7755","9/9/2017 02:24:16"
"502","34131002542677","20170602","33","0","1","2.89","0","0","9/9/2017 02:24:16"
"503","34131002542678","20170602","33","4675","1","2","0","0.1","9/9/2017 02:24:16"
"504","34131002542679","20170602","33","0","1","10.5","0","0","9/9/2017 02:24:16"
"505","34131002542680","20170602","33","6641","1","33","0","1.7","9/9/2017 02:24:16"
"506","34131002542681","20170602","33","0","3","180.38","0","0","9/9/2017 02:24:16"
"507","34131002542682","20170602","34","0","6","73.58","0","0","9/9/2017 02:24:16"
"508","34131002542683","20170602","33","0","4","136.7","63.9","0","9/9/2017 02:24:16"
"509","34131002542684","20170602","33","4675","21.292","67.56","0","3.2794","9/9/2017 02:24:16"
"510","34131002542685","20170602","33","10065","29.01","184.29","0","5.1407","9/9/2017 02:24:16"
"511","34131002542686","20170602","34","0","8","71.67","0","0","9/9/2017 02:24:16"
"512","34131002542687","20170602","34","2388","10.154","144.08","0","7.5136","9/9/2017 02:24:16"
"513","34131002542688","20170602","34","4676","3","33.19","0","2.1","9/9/2017 02:24:16"
"514","34131002542689","20170602","33","6183","2","22.86","0","0.53","9/9/2017 02:24:16"
"515","34131002542690","20170602","34","1502","5","55.1","0","1.85","9/9/2017 02:24:16"
"516","34131002542691","20170602","33","0","0.266","4.09","0","0","9/9/2017 02:24:16"
"517","34131002542692","20170602","34","0","8.46","67.34","0","0","9/9/2017 02:24:16"
"518","34131002542693","20170602","34","1058","30.066","254.13","0","13.5347","9/9/2017 02:24:16"
"519","34131002542694","20170602","34","0","22","490.23","0","0","9/9/2017 02:24:16"
"520","34131002542695","20170602","34","5682","2","3","0","0","9/9/2017 02:24:16"
"521","34131002542696","20170602","34","1788","2","16.8","0","0.05","9/9/2017 02:24:16"
"522","34131002542697","20170603","33","0","0.92","29.07","0","0","9/9/2017 02:24:16"
"523","34131002542698","20170603","34","4106","2","5.78","0","0.2","9/9/2017 02:24:16"
"524","34131002542699","20170603","33","165","5.344","64.32","0","2.168","9/9/2017 02:24:16"
"525","34131002542700","20170603","34","0","0.922","34.11","0","0","9/9/2017 02:24:16"
"526","34131002542701","20170603","33","4679","3.814","13.76","0","1.2705","9/9/2017 02:24:16"
"527","34131002542702","20170603","33","3595","7.078","61.25","0","2.2524","9/9/2017 02:24:16"
"528","34131002542703","20170603","34","1130","1.78","3.17","0","0.3544","9/9/2017 02:24:16"
"529","34131002542704","20170603","33","3741","3.83","43.23","0","1.9924","9/9/2017 02:24:16"
"530","34131002542705","20170603","34","5332","3.39","60.95","0","3.46","9/9/2017 02:24:16"
"531","34131002542706","20170603","33","6135","3.578","242.59","0","7.1544","9/9/2017 02:24:16"
"532","34131002542707","20170603","34","5170","3.33","170.45","0","5.0116","9/9/2017 02:24:16"
"533","34131002542708","20170603","33","6277","9.258","40.19","0","1.6695","9/9/2017 02:24:16"
"534","34131002542709","20170603","33","1345","4.906","32.18","0","4.0254","9/9/2017 02:24:16"
"535","34131002542710","20170603","34","5366","8","59.57","0","2.21","9/9/2017 02:24:16"
"536","34131002542711","20170603","34","2082","11.118","34.79","0","1.924","9/9/2017 02:24:16"
"537","34131002542712","20170603","33","10049","1.56","9.01","0","0.556","9/9/2017 02:24:16"
"538","34131002542713","20170603","33","1991","3.29","31.32","0","1.3168","9/9/2017 02:24:16"
"539","34131002542714","20170603","33","7787","9.2","138","0","5.52","9/9/2017 02:24:16"
"540","34131002542715","20170603","33","0","8","84.4","0","0","9/9/2017 02:24:16"
"541","34131002542716","20170603","33","1029","2","19.98","0","1.02","9/9/2017 02:24:16"
"542","34131002542717","20170603","33","5417","2","129","0","6.8","9/9/2017 02:24:16"
"543","34131002542718","20170603","34","6128","4.646","54.8","0","3.9356","9/9/2017 02:24:16"
"544","34131002542719","20170603","33","8717","8.99","67.12","0","2.8699","9/9/2017 02:24:16"
"545","34131002542720","20170603","34","0","2.326","16.08","0","0","9/9/2017 02:24:16"
"546","34131002542721","20170603","33","705","7.974","63.54","0","5.093","9/9/2017 02:24:16"
"547","34131002542722","20170603","34","2454","4.584","36.93","0","2.3214","9/9/2017 02:24:16"
"548","34131002542723","20170603","33","0","1.016","2.19","0","0","9/9/2017 02:24:16"
"549","34131002542724","20170603","33","6315","1.38","10.57","0","0.6623","9/9/2017 02:24:16"
"550","34131002542725","20170603","33","0","1","26.9","0","0","9/9/2017 02:24:16"
"551","34131002542726","20170603","34","6962","1.854","18.06","0","0.7409","9/9/2017 02:24:16"
"552","34131002542727","20170603","34","5320","1.928","18.35","0","0.7758","9/9/2017 02:24:16"
"553","34131002542728","20170603","33","8203","1.232","10.42","0","0.2842","9/9/2017 02:24:16"
"554","34131002542729","20170603","34","5204","11.934","75.9","0","2.387","9/9/2017 02:24:16"
"555","34131002542730","20170603","33","2721","1.51","89.91","0","7.2336","9/9/2017 02:24:16"
"556","34131002542731","20170603","33","0","1","6.29","0","0","9/9/2017 02:24:16"
"557","34131002542732","20170603","34","1812","1.782","48.11","0","4.9936","9/9/2017 02:24:16"
"558","34131002542733","20170603","33","7173","1.752","14.77","0","0.618","9/9/2017 02:24:16"
"559","34131002542734","20170603","34","7386","8.454","71.76","0","3.9744","9/9/2017 02:24:16"
"560","34131002542735","20170603","34","3594","6.372","40.17","0","1.68","9/9/2017 02:24:16"
"561","34131002542736","20170603","34","1390","3.006","29","0","1.5205","9/9/2017 02:24:16"
"562","34131002542737","20170603","33","0","2","51","17","0","9/9/2017 02:24:16"
"563","34131002542738","20170603","34","9226","0.962","65.22","0","1.9276","9/9/2017 02:24:16"
"564","34131002542739","20170603","33","453","2.91","15.98","0","1.2382","9/9/2017 02:24:16"
"565","34131002542740","20170603","33","3307","11.808","104.24","0","3.814","9/9/2017 02:24:16"
"566","34131002542741","20170603","33","0","25","117.5","0","0","9/9/2017 02:24:16"
"567","34131002542742","20170603","34","0","1","59.2","10","0","9/9/2017 02:24:16"
"568","34131002542743","20170603","34","4410","4.432","53.11","0","1.8639","9/9/2017 02:24:16"
"569","34131002542744","20170603","34","2062","10.374","150.57","0","4.5667","9/9/2017 02:24:16"
"570","34131002542745","20170603","34","3078","4.84","78.97","0","5.4832","9/9/2017 02:24:16"
"571","34131002542746","20170603","34","3094","31.158","189.13","0","7.9348","9/9/2017 02:24:16"
"572","34131002542747","20170603","34","4872","25","119.5","0","5","9/9/2017 02:24:16"
"573","34131002542748","20170603","33","7229","9.478","187.1","0","16.1829","9/9/2017 02:24:16"
"574","34131002542749","20170603","33","0","14","64.38","0","0","9/9/2017 02:24:16"
"575","34131002542750","20170603","34","0","2","15","0","0","9/9/2017 02:24:16"
"576","34131002542751","20170603","34","6668","4.116","172.08","0","12.8376","9/9/2017 02:24:16"
"577","34131002542752","20170603","34","0","3.138","67.3","0","0","9/9/2017 02:24:16"
"578","34131002542753","20170603","34","3942","7.246","106.42","0","5.1859","9/9/2017 02:24:16"
"579","34131002542754","20170603","34","2354","2","14.94","0","0.34","9/9/2017 02:24:16"
"580","34131002542755","20170603","34","5366","7.362","87.5","0","4.2","9/9/2017 02:24:16"
"581","34131002542756","20170603","34","5366","2.228","15.3","0","0.8131","9/9/2017 02:24:16"
"582","34131002542757","20170603","33","0","2","19.09","0","0","9/9/2017 02:24:16"
"583","34131002542758","20170603","33","3875","7.72","51.9","0","3.1332","9/9/2017 02:24:16"
"584","34131002542759","20170603","33","0","13","27.93","0","0","9/9/2017 02:24:16"
"585","34131002542760","20170603","34","7146","2.142","10.05","0","0.8792","9/9/2017 02:24:16"
"586","34131002542761","20170603","33","2523","2.144","31.37","0","1.3559","9/9/2017 02:24:16"
"587","34131002542762","20170603","33","3057","4","352.88","0","19.07","9/9/2017 02:24:16"
"588","34131002542763","20170603","33","7555","1.816","16.67","0","0.4004","9/9/2017 02:24:16"
"589","34131002542764","20170603","33","6135","8.044","148","0","8.5047","9/9/2017 02:24:16"
"590","34131002542765","20170603","33","0","6","15.8","0","0","9/9/2017 02:24:16"
"591","34131002542766","20170603","34","3012","3","11.85","0","0.09","9/9/2017 02:24:16"
"592","34131002542767","20170603","33","8671","8.724","80.18","0","2.776","9/9/2017 02:24:16"
"593","34131002542768","20170603","34","3074","2","95.8","0","2","9/9/2017 02:24:16"
"594","34131002542769","20170603","33","0","5","52.7","0","0","9/9/2017 02:24:16"
"595","34131002542770","20170603","34","8094","7.962","27.8","0","2.1494","9/9/2017 02:24:16"
"596","34131002542771","20170603","33","0","3.638","142.25","0","0","9/9/2017 02:24:16"
"597","34131002542772","20170603","34","6054","4.318","11.64","0","0.4925","9/9/2017 02:24:16"
"598","34131002542773","20170603","34","5366","4","121.35","0","6.45","9/9/2017 02:24:16"
"599","34131002542774","20170603","34","400","4.23","28.71","0","0.8688","9/9/2017 02:24:16"
"600","34131002542775","20170603","34","5298","2.322","8.46","0","0.9533","9/9/2017 02:24:16"
"601","34131002542776","20170603","34","0","7.626","121.78","0","0","9/9/2017 02:24:16"
"602","34131002542777","20170603","34","4602","1","47.9","0","1","9/9/2017 02:24:16"
"603","34131002542778","20170603","33","6627","1","17","0","0.9","9/9/2017 02:24:16"
"604","34131002542779","20170603","33","2355","2","23.8","0","1.2","9/9/2017 02:24:16"
"605","34131002542780","20170603","34","3502","1","13.9","0","0","9/9/2017 02:24:16"
"606","34131002542781","20170603","34","200","4.752","44.87","0","1.7608","9/9/2017 02:24:16"
"607","34131002542782","20170603","34","20","3.596","28.04","0","1.4709","9/9/2017 02:24:16"
"608","34131002542783","20170603","33","0","4","33.74","0","0","9/9/2017 02:24:16"
"609","34131002542784","20170603","34","0","2","78.9","0","0","9/9/2017 02:24:16"
"610","34131002542785","20170603","33","0","24","62.4","0","0","9/9/2017 02:24:16"
"611","34131002542786","20170603","33","6065","13.664","76.15","0","2.6984","9/9/2017 02:24:16"
"612","34131002542787","20170603","33","0","9.114","197.5","0","0","9/9/2017 02:24:16"
"613","34131002542788","20170603","33","6915","1.598","30.65","0","1.278","9/9/2017 02:24:16"
"614","34131002542789","20170603","33","0","6","56.15","0","0","9/9/2017 02:24:16"
"615","34131002542790","20170603","33","6963","5.83","101.8","0","3.91","9/9/2017 02:24:16"
"616","34131002542791","20170603","34","6250","1.48","23.81","0","0.6804","9/9/2017 02:24:16"
"617","34131002542792","20170603","34","5366","3.14","77.84","0","4.0972","9/9/2017 02:24:16"
"618","34131002542793","20170603","33","347","2.228","21.21","0","0.8912","9/9/2017 02:24:16"
"619","34131002542794","20170603","34","4866","1.916","10.31","0","0.228","9/9/2017 02:24:16"
"620","34131002542795","20170603","33","7139","1.136","7.19","0","0.4449","9/9/2017 02:24:16"
"621","34131002542796","20170603","34","0","9.285","47.34","0","0","9/9/2017 02:24:16"
"622","34131002542797","20170603","34","7666","1","69.9","0","4","9/9/2017 02:24:16"
"623","34131002542798","20170603","34","3528","0.328","2.84","0","0.1768","9/9/2017 02:24:16"
"624","34131002542799","20170603","33","0","2","21.19","0","0","9/9/2017 02:24:16"
"625","34131002542800","20170603","34","0","6.102","80.24","0","0","9/9/2017 02:24:16"
"626","34131002542801","20170603","34","4064","2.392","37.78","0","3.9016","9/9/2017 02:24:16"
"627","34131002542802","20170603","34","8202","1.868","17.78","0","0.7506","9/9/2017 02:24:16"
"628","34131002542803","20170603","33","2857","1.488","48.56","0","1.776","9/9/2017 02:24:16"
"629","34131002542804","20170603","34","0","2","21.99","0","0","9/9/2017 02:24:16"
"630","34131002542805","20170603","33","0","1.376","50.91","0","0","9/9/2017 02:24:16"
"631","34131002542806","20170603","34","3998","5.496","52.32","0","2.2003","9/9/2017 02:24:16"
"632","34131002542807","20170603","34","7556","4.096","31.07","0","0.7723","9/9/2017 02:24:16"
"633","34131002542808","20170603","33","2653","2.418","71.22","0","3.7411","9/9/2017 02:24:16"
"634","34131002542809","20170603","33","4017","1.904","28.51","0","1.0577","9/9/2017 02:24:16"
"635","34131002542810","20170603","34","0","1","35.8","0","0","9/9/2017 02:24:16"
"636","34131002542811","20170603","34","2952","2.454","95.71","0","24.536","9/9/2017 02:24:16"
"637","34131002542812","20170603","33","4015","2","187.9","0","7","9/9/2017 02:24:16"
"638","34131002542813","20170603","33","5923","5.984","67.2","0","4.072","9/9/2017 02:24:16"
"639","34131002542814","20170603","33","5837","2.994","21.96","0","2.9123","9/9/2017 02:24:16"
"640","34131002542815","20170603","34","2412","2.04","16.64","0","1.175","9/9/2017 02:24:16"
"641","34131002542816","20170603","33","8335","7.728","86.61","0","7.1692","9/9/2017 02:24:16"
"642","34131002542817","20170603","33","903","3.864","23.99","0","0.9809","9/9/2017 02:24:16"
"643","34131002542818","20170603","34","286","11.452","143.06","0","7.6056","9/9/2017 02:24:16"
"644","34131002542819","20170603","33","0","2","10.57","0","0","9/9/2017 02:24:16"
"645","34131002542820","20170603","34","0","1","40.8","0","0","9/9/2017 02:24:16"
"646","34131002542821","20170603","33","2333","3.814","30.23","0","1.7662","9/9/2017 02:24:16"
"647","34131002542822","20170603","34","2390","4.208","125.13","0","8.7975","9/9/2017 02:24:16"
"648","34131002542823","20170603","34","6996","3.356","16.75","0","1.0568","9/9/2017 02:24:16"
"649","34131002542824","20170603","33","8345","6","91.33","0","3.84","9/9/2017 02:24:16"
"650","34131002542825","20170603","34","5404","19","225.68","0","11.03","9/9/2017 02:24:16"
"651","34131002542826","20170603","33","885","3.07","37.28","0","3.9272","9/9/2017 02:24:16"
"652","34131002542827","20170603","33","0","3","77.89","0","0","9/9/2017 02:24:16"
"653","34131002542828","20170603","33","29","1","4.69","0","0.16","9/9/2017 02:24:16"
"654","34131002542829","20170603","33","6827","0.3","2.99","0","0.31","9/9/2017 02:24:16"
"655","34131002542830","20170603","34","0","1.414","112.84","0","0","9/9/2017 02:24:16"
"656","34131002542831","20170603","33","6143","2.234","16.24","0","0.7513","9/9/2017 02:24:16"
"657","34131002542832","20170603","34","0","7.422","67.37","0","0","9/9/2017 02:24:16"
"658","34131002542833","20170603","33","0","1","10.8","0","0","9/9/2017 02:24:16"
"659","34131002542834","20170603","33","2129","9.612","218.52","0","14.1866","9/9/2017 02:24:16"
"660","34131002542835","20170603","33","0","6.368","90.42","0","0","9/9/2017 02:24:16"
"661","34131002542836","20170603","34","0","9","107.48","0","0","9/9/2017 02:24:16"
"662","34131002542837","20170603","34","2662","4","171.9","0","6.8","9/9/2017 02:24:16"
"663","34131002542838","20170603","34","0","1","39.9","0","0","9/9/2017 02:24:16"
"664","34131002542839","20170603","33","4337","16","95.02","0","4.96","9/9/2017 02:24:16"
"665","34131002542840","20170603","34","0","2","14.39","0","0","9/9/2017 02:24:16"
"666","34131002542841","20170603","33","3459","5.662","63.12","0","2.1058","9/9/2017 02:24:16"
"667","34131002542842","20170603","34","0","1","37.99","0","0","9/9/2017 02:24:16"
"668","34131002542843","20170603","33","7995","2","147.2","0","7.8","9/9/2017 02:24:16"
"669","34131002542844","20170603","33","7865","4.864","122.99","0","6.335","9/9/2017 02:24:16"
"670","34131002542845","20170603","33","0","0.748","5.33","0","0","9/9/2017 02:24:16"
"671","34131002542846","20170603","34","0","10.016","73.08","0","0","9/9/2017 02:24:16"
"672","34131002542847","20170603","33","2927","7.16","107.34","0","8.3306","9/9/2017 02:24:16"
"673","34131002542848","20170603","34","2154","1.374","37.71","0","1.0447","9/9/2017 02:24:16"
"674","34131002542849","20170603","33","1249","2","159","50.01","10","9/9/2017 02:24:16"
"675","34131002542850","20170603","34","0","2","26.4","0","0","9/9/2017 02:24:16"
"676","34131002542851","20170603","33","2483","0.372","13.39","0","1.4156","9/9/2017 02:24:16"
"677","34131002542852","20170603","33","7897","0.916","46.23","0","0.9468","9/9/2017 02:24:16"
"678","34131002542853","20170603","33","7289","300","1770","0","15","9/9/2017 02:24:16"
"679","34131002542854","20170603","33","8597","3.686","45.27","0","2.2748","9/9/2017 02:24:16"
"680","34131002542855","20170603","33","0","0.518","5.14","0","0","9/9/2017 02:24:16"
"681","34131002542856","20170603","33","7289","60","354","0","3","9/9/2017 02:24:16"
"682","34131002542857","20170603","33","7289","2","14.55","0","0.74","9/9/2017 02:24:16"
"683","34131002542858","20170603","33","9143","0.522","18.79","0","1.9856","9/9/2017 02:24:16"
"684","34131002542859","20170603","33","9145","1","209","0","10","9/9/2017 02:24:16"
"685","34131002542860","20170603","34","3348","5.664","23.33","0","1.7841","9/9/2017 02:24:16"
"686","34131002542861","20170603","33","0","5","38.67","0","0","9/9/2017 02:24:16"
"687","34131002542862","20170603","33","6419","25","114.5","0","3","9/9/2017 02:24:16"
"688","34131002542863","20170603","33","5371","6","82.92","0","3.08","9/9/2017 02:24:16"
"689","34131002542864","20170603","34","2460","3","42.14","0","2.17","9/9/2017 02:24:16"
"690","34131002542865","20170603","33","7175","9","130.01","0","4.04","9/9/2017 02:24:16"
"691","34131002542866","20170603","34","0","1.726","47.98","0","0","9/9/2017 02:24:16"
"692","34131002542867","20170603","33","0","1","18.1","0","0","9/9/2017 02:24:16"
"693","34131002542868","20170603","34","1822","6.164","49.64","0","2.2975","9/9/2017 02:24:16"
"694","34131002542869","20170603","33","0","2.012","7.15","0","0","9/9/2017 02:24:16"
"695","34131002542870","20170603","33","8371","1","139","0","10","9/9/2017 02:24:16"
"696","34131002542871","20170603","33","1825","3.858","22.79","0","1.1894","9/9/2017 02:24:16"
"697","34131002542872","20170603","34","0","9.47","99.78","0","0","9/9/2017 02:24:16"
"698","34131002542873","20170603","34","6086","6.672","44.94","0","2.4857","9/9/2017 02:24:16"
"699","34131002542874","20170603","33","8241","5.946","33.29","0","2.0636","9/9/2017 02:24:16"
"700","34131002542875","20170603","33","0","1.288","12.42","0","0","9/9/2017 02:24:16"
"701","34131002542876","20170603","34","3290","6.884","49.9","0","2.7305","9/9/2017 02:24:16"
"702","34131002542877","20170603","34","4206","2.85","30.81","0","1.442","9/9/2017 02:24:16"
"703","34131002542878","20170603","34","8738","1.512","11.42","0","0.5925","9/9/2017 02:24:16"
"704","34131002542879","20170603","33","0","1.368","18.47","0","0","9/9/2017 02:24:16"
"705","34131002542880","20170603","33","6627","18","202.28","0","7.85","9/9/2017 02:24:16"
"706","34131002542881","20170603","33","4997","1","19.9","0","1","9/9/2017 02:24:16"
"707","34131002542882","20170603","34","0","1","22.8","0","0","9/9/2017 02:24:16"
"708","34131002542883","20170603","34","4808","3.072","33.58","0","0.3882","9/9/2017 02:24:16"
"709","34131002542884","20170603","34","5366","10.926","108.33","0","3.9659","9/9/2017 02:24:16"
"710","34131002542885","20170603","34","9196","4.114","31.86","0","0.9695","9/9/2017 02:24:16"
"711","34131002542886","20170603","34","1758","12.506","295.27","0","14.408","9/9/2017 02:24:16"
"712","34131002542887","20170603","33","3471","6","39","0","1.8","9/9/2017 02:24:16"
"713","34131002542888","20170603","33","10029","5","76.8","0","3.7","9/9/2017 02:24:16"
"714","34131002542889","20170603","33","0","2.156","31.82","0","0","9/9/2017 02:24:16"
"715","34131002542890","20170603","33","9147","3","54.9","0","4.1","9/9/2017 02:24:16"
"716","34131002542891","20170603","33","1511","2.586","53.43","0","6.1979","9/9/2017 02:24:16"
"717","34131002542892","20170603","34","0","2","20.4","0","0","9/9/2017 02:24:16"
"718","34131002542893","20170603","33","1061","17.454","260.83","50.01","15.7522","9/9/2017 02:24:16"
"719","34131002542894","20170603","34","0","7.02","56.79","0","0","9/9/2017 02:24:16"
"720","34131002542895","20170603","34","3038","1.748","248","0","3.0314","9/9/2017 02:24:16"
"721","34131002542896","20170603","34","0","3.05","26.94","0","0","9/9/2017 02:24:16"
"722","34131002542897","20170603","34","7150","25","119.5","0","5","9/9/2017 02:24:16"
"723","34131002542898","20170603","33","9197","5.262","45.89","0","0.8355","9/9/2017 02:24:16"
"724","34131002542899","20170603","33","0","0.75","12.75","0","0","9/9/2017 02:24:16"
"725","34131002542900","20170603","34","2658","6.14","51.69","0","3.138","9/9/2017 02:24:16"
"726","34131002542901","20170603","33","8083","9.49","45.6","0","1.8928","9/9/2017 02:24:16"
"727","34131002542902","20170603","33","4495","4.948","40.55","0","3.5821","9/9/2017 02:24:16"
"728","34131002542903","20170603","34","1022","6.87","47.62","0","2.1133","9/9/2017 02:24:16"
"729","34131002542904","20170603","34","9148","6.646","57.75","0","4.0022","9/9/2017 02:24:16"
"730","34131002542905","20170603","34","4950","11.786","129.71","0","3.3015","9/9/2017 02:24:16"
"731","34131002542906","20170603","34","502","3.016","41.92","0","1.7824","9/9/2017 02:24:16"
"732","34131002542907","20170603","33","0","1","18.39","0","0","9/9/2017 02:24:16"
"733","34131002542908","20170603","34","0","5","37.73","0","0","9/9/2017 02:24:16"
"734","34131002542909","20170603","33","0","1","15.8","0","0","9/9/2017 02:24:16"
"735","34131002542910","20170603","33","7229","3","39.9","0","1.15","9/9/2017 02:24:16"
"736","34131002542911","20170603","33","0","3","41.2","0","0","9/9/2017 02:24:16"
"737","34131002542912","20170603","33","3057","11","741.4","0","42.64","9/9/2017 02:24:16"
"738","34131002542913","20170603","33","3469","8.126","106.21","0","7.0136","9/9/2017 02:24:16"
"739","34131002542914","20170603","34","5468","1","159.3","0","8.4","9/9/2017 02:24:16"
"740","34131002542915","20170603","33","2239","7","83.08","0","1.8","9/9/2017 02:24:16"
"741","34131002542916","20170603","34","0","0.466","2","0","0","9/9/2017 02:24:16"
"742","34131002542917","20170603","33","0","1.69","70.95","0","0","9/9/2017 02:24:16"
"743","34131002542918","20170603","34","0","7.006","245.12","0","0","9/9/2017 02:24:16"
"744","34131002542919","20170603","33","7229","1","37.9","0","1.9","9/9/2017 02:24:16"
"745","34131002542920","20170603","33","5799","39.088","162.04","0","7.2716","9/9/2017 02:24:16"
"746","34131002542921","20170603","33","0","1","12.9","0","0","9/9/2017 02:24:16"
"747","34131002542922","20170603","33","5489","4.658","77.41","0","4.6262","9/9/2017 02:24:16"
"748","34131002542923","20170603","33","4497","0.824","21.01","0","1.7403","9/9/2017 02:24:16"
"749","34131002542924","20170603","33","5331","5.286","108.91","0","4.8548","9/9/2017 02:24:16"
"750","34131002542925","20170603","33","4889","24","110.38","0","5.61","9/9/2017 02:24:16"
"751","34131002542926","20170603","33","5265","3.138","45.19","0","1.88","9/9/2017 02:24:16"
"752","34131002542927","20170603","34","3812","1.004","9.22","0","0.7999","9/9/2017 02:24:16"
"753","34131002542928","20170603","34","0","7.486","145.35","0","0","9/9/2017 02:24:16"
"754","34131002542929","20170603","33","0","6","63.44","0","0","9/9/2017 02:24:16"
"755","34131002542930","20170603","34","0","4","9.56","0","0","9/9/2017 02:24:16"
"756","34131002542931","20170603","33","0","4.566","76.32","0","0","9/9/2017 02:24:16"
"757","34131002542932","20170603","34","0","3","50.54","0","0","9/9/2017 02:24:16"
"758","34131002542933","20170603","33","0","0.518","16.37","0","0","9/9/2017 02:24:16"
"759","34131002542934","20170603","33","7075","6","46.97","0","2.41","9/9/2017 02:24:16"
"760","34131002542935","20170603","33","5739","2","96.4","0","1.58","9/9/2017 02:24:16"
"761","34131002542936","20170603","34","7358","3.912","33.54","0","1.8728","9/9/2017 02:24:16"
"762","34131002542937","20170603","34","5366","5.27","71.36","0","9.1518","9/9/2017 02:24:16"
"763","34131002542938","20170603","33","741","13","141.08","0","7.08","9/9/2017 02:24:16"
"764","34131002542939","20170603","34","4232","0.266","9.79","0","0.5042","9/9/2017 02:24:16"
"765","34131002542940","20170603","34","0","4","24.79","0","0","9/9/2017 02:24:16"
"766","34131002542941","20170603","33","0","5","29.97","0","0","9/9/2017 02:24:16"
"767","34131002542942","20170603","33","1971","2.486","23.67","0","0.9911","9/9/2017 02:24:16"
"768","34131002542943","20170603","33","0","2","163.2","0","0","9/9/2017 02:24:16"
"769","34131002542944","20170603","34","284","2","17.98","0","1.02","9/9/2017 02:24:16"
"770","34131002542945","20170603","34","698","5.064","90.37","0","4.1698","9/9/2017 02:24:16"
"771","34131002542946","20170603","34","10066","5.276","48.8","0","2.1436","9/9/2017 02:24:16"
"772","34131002542947","20170603","33","0","1","6.99","0","0","9/9/2017 02:24:16"
"773","34131002542948","20170603","33","3539","3","144.18","0","7.4","9/9/2017 02:24:16"
"774","34131002542949","20170603","34","284","2","21.89","0","0","9/9/2017 02:24:16"
"775","34131002542950","20170603","34","5214","14.366","171.95","75.9","11.8607","9/9/2017 02:24:16"
"776","34131002542951","20170603","33","993","1.798","66.13","0","4.4228","9/9/2017 02:24:16"
"777","34131002542952","20170603","34","284","2.282","4.86","0","0.5824","9/9/2017 02:24:16"
"778","34131002542953","20170603","33","0","1","10.6","0","0","9/9/2017 02:24:16"
"779","34131002542954","20170603","33","485","3","34.4","0","1.8","9/9/2017 02:24:16"
"780","34131002542955","20170603","33","0","0.89","21","0","0","9/9/2017 02:24:16"
"781","34131002542956","20170603","33","7153","10.128","110.54","0","4.9614","9/9/2017 02:24:16"
"782","34131002542957","20170603","34","5100","8","90.59","6.8","2.86","9/9/2017 02:24:16"
"783","34131002542958","20170603","34","0","8","17.98","0","0","9/9/2017 02:24:16"
"784","34131002542959","20170603","33","0","8","75.68","0","0","9/9/2017 02:24:16"
"785","34131002542960","20170603","34","4838","0.57","3.41","0","0.238","9/9/2017 02:24:16"
"786","34131002542961","20170603","33","0","2","10.14","0","0","9/9/2017 02:24:16"
"787","34131002542962","20170603","33","4117","8.028","74.9","0","3.1508","9/9/2017 02:24:16"
"788","34131002542963","20170603","34","198","2.726","76.42","0","1.782","9/9/2017 02:24:16"
"789","34131002542964","20170603","34","4724","9.468","72.19","0","4.5666","9/9/2017 02:24:16"
"790","34131002542965","20170603","34","488","1.682","35.7","0","3.8839","9/9/2017 02:24:16"
"791","34131002542966","20170603","34","0","1","0.2","0","0","9/9/2017 02:24:16"
"792","34131002542967","20170603","33","0","1","33.9","0","0","9/9/2017 02:24:16"
"793","34131002542968","20170603","34","0","7.808","135.72","0","0","9/9/2017 02:24:16"
"794","34131002542969","20170603","33","0","16.412","162.4","0","0","9/9/2017 02:24:16"
"795","34131002542970","20170603","33","1663","15.456","116.43","0","5.7976","9/9/2017 02:24:16"
"796","34131002542971","20170603","34","3188","4","40.84","0","1.91","9/9/2017 02:24:16"
"797","34131002542972","20170603","34","0","2.798","12.03","0","0","9/9/2017 02:24:16"
"798","34131002542973","20170603","33","0","2","5.58","0","0","9/9/2017 02:24:16"
"799","34131002542974","20170603","34","0","1","59.4","0","0","9/9/2017 02:24:16"
"800","34131002542975","20170603","33","0","1","101.89","0","0","9/9/2017 02:24:16"
"801","34131002542976","20170603","34","0","1","95","0","0","9/9/2017 02:24:16"
"802","34131002542977","20170603","34","2824","2","149.8","0","9.1","9/9/2017 02:24:16"
"803","34131002542978","20170603","34","4912","6","73.86","0","2.45","9/9/2017 02:24:16"
"804","34131002542979","20170603","33","0","1","25.4","0","0","9/9/2017 02:24:16"
"805","34131002542980","20170603","34","5488","1","17.8","0","0.1","9/9/2017 02:24:16"
"806","34131002542981","20170603","34","360","0.174","10.06","0","0.3452","9/9/2017 02:24:16"
"807","34131002542982","20170603","33","835","7.14","57.05","0","2.4131","9/9/2017 02:24:16"
"808","34131002542983","20170603","34","170","4","37.86","0","1.62","9/9/2017 02:24:16"
"809","34131002542984","20170603","34","0","1.626","70.27","0","0","9/9/2017 02:24:16"
"810","34131002542985","20170603","33","0","3","99.94","0","0","9/9/2017 02:24:16"
"811","34131002542986","20170603","33","4373","26.804","181.76","0","5.5478","9/9/2017 02:24:16"
"812","34131002542987","20170603","33","0","12.496","51.87","0","0","9/9/2017 02:24:16"
"813","34131002542988","20170603","34","0","7.732","39.96","0","0","9/9/2017 02:24:16"
"814","34131002542989","20170603","33","0","1","59.9","0","0","9/9/2017 02:24:16"
"815","34131002542990","20170603","33","741","26","64.72","0","3.25","9/9/2017 02:24:16"
"816","34131002542991","20170603","33","0","4","52.7","0","0","9/9/2017 02:24:16"
"817","34131002542992","20170603","34","0","4","111.39","0","0","9/9/2017 02:24:16"
"818","34131002542993","20170603","33","0","2","7.18","0","0","9/9/2017 02:24:16"
"819","34131002542994","20170603","34","158","2","9.12","0","0.48","9/9/2017 02:24:16"
"820","34131002542995","20170603","33","0","14","129.43","0","0","9/9/2017 02:24:16"
"821","34131002542996","20170603","34","8346","17","587.4","0","4","9/9/2017 02:24:16"
"822","34131002542997","20170603","33","4879","6.25","36.62","0","1.4036","9/9/2017 02:24:16"
"823","34131002542998","20170603","34","0","0.854","10.25","0","0","9/9/2017 02:24:16"
"824","34131002542999","20170603","33","0","3.59","48.3","0","0","9/9/2017 02:24:16"
"825","34131002543000","20170603","33","9153","9.498","86.59","6.8","2.1602","9/9/2017 02:24:16"
"826","34131002543001","20170603","33","0","2.284","56.22","0","0","9/9/2017 02:24:16"
"827","34131002543002","20170603","33","8275","4","53.3","0","1.7","9/9/2017 02:24:16"
"828","34131002543003","20170603","33","0","4","56.32","0","0","9/9/2017 02:24:16"
"829","34131002543004","20170603","34","608","2.522","54.59","0","3.8856","9/9/2017 02:24:16"
"830","34131002543005","20170603","33","0","2","16.39","0","0","9/9/2017 02:24:16"
"831","34131002543006","20170603","34","6250","13.316","97.79","0","4.1413","9/9/2017 02:24:16"
"832","34131002543007","20170603","34","7514","3.078","37.37","0","1.7057","9/9/2017 02:24:16"
"833","34131002543008","20170603","33","1941","27.054","238.24","0","12.5968","9/9/2017 02:24:16"
"834","34131002543009","20170603","33","1531","7","475.58","111.32","31.27","9/9/2017 02:24:16"
"835","34131002543010","20170603","33","5259","4.568","28.18","0","1.4292","9/9/2017 02:24:16"
"836","34131002543011","20170603","33","0","3","61.79","0","0","9/9/2017 02:24:16"
"837","34131002543012","20170603","34","0","1","9.8","0","0","9/9/2017 02:24:16"
"838","34131002543013","20170603","33","0","2","33.07","0","0","9/9/2017 02:24:16"
"839","34131002543014","20170603","33","2081","15.02","113.98","16.15","6.1662","9/9/2017 02:24:16"
"840","34131002543015","20170603","34","2350","1.382","13.16","0","0.5494","9/9/2017 02:24:16"
"841","34131002543016","20170603","34","1302","1.352","13.6","0","0.4386","9/9/2017 02:24:16"
"842","34131002543017","20170603","33","0","1","9.39","0","0","9/9/2017 02:24:16"
"843","34131002543018","20170603","34","3062","1.074","17.83","0","0.487","9/9/2017 02:24:16"
"844","34131002543019","20170603","34","5704","2","215.9","40","12","9/9/2017 02:24:16"
"845","34131002543020","20170603","33","4443","6.83","43.27","0","2.2757","9/9/2017 02:24:16"
"846","34131002543021","20170603","33","89","0.094","28.56","0","1.504","9/9/2017 02:24:16"
"847","34131002543022","20170603","33","9155","1","113","0","6","9/9/2017 02:24:16"
"848","34131002543023","20170603","33","0","5","45.8","0","0","9/9/2017 02:24:16"
"849","34131002543024","20170603","34","0","2.848","98.83","0","0","9/9/2017 02:24:16"
"850","34131002543025","20170603","33","0","5","358.1","0","0","9/9/2017 02:24:16"
"851","34131002543026","20170603","34","0","1","7.69","0","0","9/9/2017 02:24:16"
"852","34131002543027","20170603","33","0","2","4.18","0","0","9/9/2017 02:24:16"
"853","34131002543028","20170603","34","0","2","19.89","0","0","9/9/2017 02:24:16"
"854","34131002543029","20170603","34","464","1","29.9","0","1","9/9/2017 02:24:16"
"855","34131002543030","20170603","34","5634","6.464","62.13","0","1.296","9/9/2017 02:24:16"
"856","34131002543031","20170603","34","2220","7","44.68","0","2.1","9/9/2017 02:24:16"
"857","34131002543032","20170603","34","0","4","45.25","0","0","9/9/2017 02:24:16"
"858","34131002543033","20170603","34","8664","2","11.38","0","0.6","9/9/2017 02:24:16"
"859","34131002543034","20170603","34","0","1","1.99","0","0","9/9/2017 02:24:16"
"860","34131002543035","20170603","34","3816","1","409","0","30","9/9/2017 02:24:16"
"861","34131002543036","20170603","34","0","5","146.06","0","0","9/9/2017 02:24:16"
"862","34131002543037","20170603","34","3816","0.138","10.18","0","0.5564","9/9/2017 02:24:16"
"863","34131002543038","20170603","34","3608","3","498","0","24","9/9/2017 02:24:16"
"864","34131002543039","20170603","34","1622","4.774","127.83","0","1.088","9/9/2017 02:24:16"
"865","34131002543040","20170603","34","0","2","13.78","0","0","9/9/2017 02:24:16"
"866","34131002543041","20170603","33","7969","0.906","28.4","0","1.2926","9/9/2017 02:24:16"
"867","34131002543042","20170603","34","0","1","3.5","0","0","9/9/2017 02:24:16"
"868","34131002543043","20170603","33","2093","17.09","141.63","0","5.7154","9/9/2017 02:24:16"
"869","34131002543044","20170603","33","5507","7","1225","0","70","9/9/2017 02:24:16"
"870","34131002543045","20170603","33","0","4","87.59","0","0","9/9/2017 02:24:16"
"871","34131002543046","20170603","33","369","6.248","74.07","0","4.7668","9/9/2017 02:24:16"
"872","34131002543047","20170603","34","5452","7","391.06","0","19.17","9/9/2017 02:24:16"
"873","34131002543048","20170603","34","0","1","22.9","0","0","9/9/2017 02:24:16"
"874","34131002543049","20170603","33","0","5","9.95","0","0","9/9/2017 02:24:16"
"875","34131002543050","20170603","34","0","8.548","42.37","0","0","9/9/2017 02:24:16"
"876","34131002543051","20170603","33","309","8","79.22","0","1.52","9/9/2017 02:24:16"
"877","34131002543052","20170603","34","1892","11.384","60.99","0","3.3538","9/9/2017 02:24:16"
"878","34131002543053","20170603","33","0","2.15","23.71","0","0","9/9/2017 02:24:16"
"879","34131002543054","20170603","34","5474","1.242","73.77","0","8.244","9/9/2017 02:24:16"
"880","34131002543055","20170603","33","0","1","25.99","0","0","9/9/2017 02:24:16"
"881","34131002543056","20170603","34","2538","0.116","8.56","0","0.4648","9/9/2017 02:24:16"
"882","34131002543057","20170603","33","0","1","29.9","0","0","9/9/2017 02:24:16"
"883","34131002543058","20170603","34","0","1","28","0","0","9/9/2017 02:24:16"
"884","34131002543059","20170603","33","0","7","35","0","0","9/9/2017 02:24:16"
"885","34131002543060","20170603","34","3052","3.426","21.51","0","1.6408","9/9/2017 02:24:16"
"886","34131002543061","20170603","33","0","4.326","20.59","0","0","9/9/2017 02:24:16"
"887","34131002543062","20170603","34","0","7.092","94.52","0","0","9/9/2017 02:24:16"
"888","34131002543063","20170603","33","1179","2.866","82.74","0","4.2232","9/9/2017 02:24:16"
"889","34131002543064","20170603","34","9254","30.652","107.4","0","1.1486","9/9/2017 02:24:16"
"890","34131002543065","20170603","33","1179","6.076","87.86","0","3.1124","9/9/2017 02:24:16"
"891","34131002543066","20170603","33","8231","8","33.12","0","1.33","9/9/2017 02:24:16"
"892","34131002543067","20170603","33","3431","2.812","22.84","0","1.248","9/9/2017 02:24:16"
"893","34131002543068","20170603","34","1622","10","79.94","0","3.8","9/9/2017 02:24:16"
"894","34131002543069","20170603","33","0","2","39.6","0","0","9/9/2017 02:24:16"
"895","34131002543070","20170603","33","6945","7.932","29.24","0","1.1754","9/9/2017 02:24:16"
"896","34131002543071","20170603","33","3361","10","14.14","0","1.04","9/9/2017 02:24:16"
"897","34131002543072","20170603","34","6668","1.216","17","0","0.7293","9/9/2017 02:24:16"
"898","34131002543073","20170603","34","4820","10","61.18","0","3.22","9/9/2017 02:24:16"
"899","34131002543074","20170603","34","20","2.622","14.63","0","0.3154","9/9/2017 02:24:16"
"900","34131002543075","20170603","33","0","29.034","76.32","0","0","9/9/2017 02:24:16"
"901","34131002543076","20170603","33","3383","4.052","146.17","0","7.7941","9/9/2017 02:24:16"
"902","34131002543077","20170603","33","0","0.562","25.17","0","0","9/9/2017 02:24:16"
"903","34131002543078","20170603","34","928","11","159.8","0","6.29","9/9/2017 02:24:16"
"904","34131002543079","20170603","33","0","2.228","31.2","0","0","9/9/2017 02:24:16"
"905","34131002543080","20170603","34","0","2","135.19","0","0","9/9/2017 02:24:16"
"906","34131002543081","20170603","33","0","15.918","224.57","0","0","9/9/2017 02:24:16"
"907","34131002543082","20170603","34","7556","2","37.7","0","3","9/9/2017 02:24:16"
"908","34131002543083","20170603","33","0","4","42.31","0","0","9/9/2017 02:24:16"
"909","34131002543084","20170603","33","3197","17.278","128.93","0","2.8556","9/9/2017 02:24:16"
"910","34131002543085","20170603","33","0","6.756","160.51","0","0","9/9/2017 02:24:16"
"911","34131002543086","20170603","34","0","4.226","31.27","0","0","9/9/2017 02:24:16"
"912","34131002543087","20170603","33","0","2","22.8","0","0","9/9/2017 02:24:16"
"913","34131002543088","20170603","34","7780","5","84.12","0","3.54","9/9/2017 02:24:16"
"914","34131002543089","20170603","33","6889","8.69","94.04","0","2.527","9/9/2017 02:24:16"
"915","34131002543090","20170603","33","1179","9.044","429.52","0","8.3507","9/9/2017 02:24:16"
"916","34131002543091","20170603","33","513","4.6","130.68","0","5.1774","9/9/2017 02:24:16"
"917","34131002543092","20170603","33","2771","3.94","112.59","0","8.255","9/9/2017 02:24:16"
"918","34131002543093","20170603","33","0","5.996","34.18","0","0","9/9/2017 02:24:16"
"919","34131002543094","20170603","34","0","8.205","46.77","0","0","9/9/2017 02:24:16"
"920","34131002543095","20170603","33","1983","2.32","47.18","0","2.2892","9/9/2017 02:24:16"
"921","34131002543096","20170603","34","6668","2","45.39","0","2.4","9/9/2017 02:24:16"
"922","34131002543097","20170603","34","6194","2.68","21.48","0","1.0762","9/9/2017 02:24:16"
"923","34131002543098","20170603","34","0","1","27.59","0","0","9/9/2017 02:24:16"
"924","34131002543099","20170603","33","0","2","28.8","0","0","9/9/2017 02:24:16"
"925","34131002543100","20170603","33","5823","1","61.9","0","1.6","9/9/2017 02:24:16"
"926","34131002543101","20170603","33","7177","3.756","100.9","0","4.5608","9/9/2017 02:24:16"
"927","34131002543102","20170603","34","0","7.956","42.72","0","0","9/9/2017 02:24:16"
"928","34131002543103","20170603","34","3640","6.1","128.9","0","10.42","9/9/2017 02:24:16"
"929","34131002543104","20170603","34","8176","4.968","84.4","0","3.2176","9/9/2017 02:24:16"
"930","34131002543105","20170603","34","7804","3.124","85.05","0","3.4524","9/9/2017 02:24:16"
"931","34131002543106","20170603","34","0","3","75.57","10","0","9/9/2017 02:24:16"
"932","34131002543107","20170603","33","0","1.478","17.79","0","0","9/9/2017 02:24:16"
"933","34131002543108","20170603","34","4778","6.198","97.91","0","5.72","9/9/2017 02:24:16"
"934","34131002543109","20170603","33","7483","6","40.81","0","3.48","9/9/2017 02:24:16"
"935","34131002543110","20170603","34","0","9","51.27","0","0","9/9/2017 02:24:16"
"936","34131002543111","20170603","33","555","1.938","26.35","0","0.7622","9/9/2017 02:24:16"
"937","34131002543112","20170603","34","0","1","5.95","0","0","9/9/2017 02:24:16"
"938","34131002543113","20170603","34","96","4.152","76.21","0","5.4076","9/9/2017 02:24:16"
"939","34131002543114","20170603","34","0","3","114.6","0","0","9/9/2017 02:24:16"
"940","34131002543115","20170603","33","0","5","38.17","0","0","9/9/2017 02:24:16"
"941","34131002543116","20170603","34","0","1","19.8","0","0","9/9/2017 02:24:16"
"942","34131002543117","20170603","33","565","4.086","79.52","0","3.9757","9/9/2017 02:24:16"
"943","34131002543118","20170603","33","4017","5","76.48","0","0.4","9/9/2017 02:24:16"
"944","34131002543119","20170603","33","0","3","47.26","0","0","9/9/2017 02:24:16"
"945","34131002543120","20170603","34","0","2","276","0","0","9/9/2017 02:24:16"
"946","34131002543121","20170603","34","474","6","63.79","0","0.41","9/9/2017 02:24:16"
"947","34131002543122","20170603","34","2416","0.98","39","0","4.1004","9/9/2017 02:24:16"
"948","34131002543123","20170603","33","0","2","97.8","0","0","9/9/2017 02:24:16"
"949","34131002543124","20170603","34","0","1.118","47.85","0","0","9/9/2017 02:24:16"
"950","34131002543125","20170603","34","5960","17","56.69","0","3.22","9/9/2017 02:24:16"
"951","34131002543126","20170603","34","6284","6","123.28","0","7.58","9/9/2017 02:24:16"
"952","34131002543127","20170603","33","2761","4.092","446.88","0","24.012","9/9/2017 02:24:16"
"953","34131002543128","20170603","34","0","7.802","170.35","0","0","9/9/2017 02:24:16"
"954","34131002543129","20170603","34","6146","0.542","10.4","0","0.4292","9/9/2017 02:24:16"
"955","34131002543130","20170603","33","2061","4","126.54","0","6.45","9/9/2017 02:24:16"
"956","34131002543131","20170603","33","0","1","12.9","0","0","9/9/2017 02:24:16"
"957","34131002543132","20170603","33","4363","2","22.74","0","0.05","9/9/2017 02:24:16"
"958","34131002543133","20170603","33","8317","2","11.38","0","0.6","9/9/2017 02:24:16"
"959","34131002543134","20170603","34","5474","12.456","262.73","0","10.7064","9/9/2017 02:24:16"
"960","34131002543135","20170603","33","2341","6","21.47","0","0.85","9/9/2017 02:24:16"
"961","34131002543136","20170603","34","0","2","36.69","0","0","9/9/2017 02:24:16"
"962","34131002543137","20170603","33","0","3","77.69","0","0","9/9/2017 02:24:16"
"963","34131002543138","20170603","34","840","6","74.01","0","1.96","9/9/2017 02:24:16"
"964","34131002543139","20170603","33","0","1.8","43.2","0","0","9/9/2017 02:24:16"
"965","34131002543140","20170603","33","7229","1","169","0","10","9/9/2017 02:24:16"
"966","34131002543141","20170603","33","3217","3.826","26.96","0","1.3591","9/9/2017 02:24:16"
"967","34131002543142","20170603","34","0","1","10.8","0","0","9/9/2017 02:24:16"
"968","34131002543143","20170603","33","0","13.108","167.59","0","0","9/9/2017 02:24:16"
"969","34131002543144","20170603","34","0","4","30.66","0","0","9/9/2017 02:24:16"
"970","34131002543145","20170603","34","4552","6.894","87.8","0","5.3684","9/9/2017 02:24:16"
"971","34131002543146","20170603","34","3738","8.028","71.31","0","3.3604","9/9/2017 02:24:16"
"972","34131002543147","20170603","33","0","1.588","43.65","0","0","9/9/2017 02:24:16"
"973","34131002543148","20170603","33","10035","10","285","0","15.34","9/9/2017 02:24:16"
"974","34131002543149","20170603","34","2824","2","141.8","0","11.4","9/9/2017 02:24:16"
"975","34131002543150","20170603","34","2126","2","45.6","0","1.4","9/9/2017 02:24:16"
"976","34131002543151","20170603","34","7798","1.144","10.25","0","0.7324","9/9/2017 02:24:16"
"977","34131002543152","20170603","33","83","1","118","0","5","9/9/2017 02:24:16"
"978","34131002543153","20170603","33","3347","13.452","151.42","0","7.0308","9/9/2017 02:24:16"
"979","34131002543154","20170603","33","9169","13.224","107.66","0","3.6945","9/9/2017 02:24:16"
"980","34131002543155","20170603","34","5488","9.512","90.56","0","3.7991","9/9/2017 02:24:16"
"981","34131002543156","20170603","34","6894","1.462","26.28","0","1.498","9/9/2017 02:24:16"
"982","34131002543157","20170603","34","280","3.204","30.5","0","1.2794","9/9/2017 02:24:16"
"983","34131002543158","20170603","34","0","4","25.59","0","0","9/9/2017 02:24:16"
"984","34131002543159","20170603","33","0","3","30.78","0","0","9/9/2017 02:24:16"
"985","34131002543160","20170603","34","5488","2","461.6","0","23.3","9/9/2017 02:24:16"
"986","34131002543161","20170603","33","0","1.378","7.85","0","0","9/9/2017 02:24:16"
"987","34131002543162","20170603","34","388","3.31","60.89","0","2.6224","9/9/2017 02:24:16"
"988","34131002543163","20170603","33","3471","4.418","55.3","0","1.7666","9/9/2017 02:24:16"
"989","34131002543164","20170603","34","3474","3","13.97","0","0.71","9/9/2017 02:24:16"
"990","34131002543165","20170603","33","0","6","22.98","0","0","9/9/2017 02:24:16"
"991","34131002543166","20170603","34","2312","3.454","75.46","0","3.9544","9/9/2017 02:24:16"
"992","34131002543167","20170603","33","0","1","10.8","0","0","9/9/2017 02:24:16"
"993","34131002543168","20170603","34","5910","32.54","673.48","59.9","21.1868","9/9/2017 02:24:16"
"994","34131002543169","20170603","33","0","12","79.51","2.745","0","9/9/2017 02:24:16"
"995","34131002543170","20170603","33","301","33.854","126.22","0","2.9679","9/9/2017 02:24:16"
"996","34131002543171","20170603","33","6531","3.068","131.75","0","7.2388","9/9/2017 02:24:16"
"997","34131002543172","20170603","34","0","1.84","27.94","0","0","9/9/2017 02:24:16"
"998","34131002543173","20170603","33","0","4","60.8","0","0","9/9/2017 02:24:16"
"999","34131002543174","20170603","34","3096","2.006","13.1","0","0.844","9/9/2017 02:24:16"
"1000","34131002543175","20170603","33","0","19","84.9","0","0","9/9/2017 02:24:16"
